year,month,product,volume_t
2021,1,Gasoline A-80,3434.0
2021,1,Gasoline AI-92,42658.0
2021,1,Gasoline AI-95,1055.0
2021,1,Gasoline AI-98,169.0
2021,1,Other,9612.0
2021,1,Diesel fuel,103943.0
2021,1,Total,165861.0
2021,1,Jet fuel TS-1,3587.0
2021,1,Liquefied petroleum gas,1403.0
2021,2,Gasoline A-80,3511.0
2021,2,Gasoline AI-92,25866.0
2021,2,Gasoline AI-95,1316.0
2021,2,Gasoline AI-98,61.0
2021,2,Other,12308.0
2021,2,Diesel fuel,74722.0
2021,2,Total,121367.0
2021,2,Jet fuel TS-1,3113.0
2021,2,Liquefied petroleum gas,470.0
2021,3,Gasoline A-80,5152.0
2021,3,Gasoline AI-92,28294.0
2021,3,Gasoline AI-95,986.0
2021,3,Gasoline AI-98,183.0
2021,3,Other,29642.0
2021,3,Diesel fuel,82158.0
2021,3,Total,152830.0
2021,3,Jet fuel TS-1,6037.0
2021,3,Liquefied petroleum gas,377.0
2021,4,Gasoline A-80,4241.0
2021,4,Gasoline AI-92,16839.0
2021,4,Gasoline AI-95,1829.0
2021,4,Gasoline AI-98,62.0
2021,4,Other,28340.0
2021,4,Diesel fuel,78651.0
2021,4,Total,131984.0
2021,4,Jet fuel TS-1,1583.0
2021,4,Liquefied petroleum gas,438.0
2021,5,Gasoline A-80,5076.0
2021,5,Gasoline AI-92,26219.0
2021,5,Gasoline AI-95,2427.0
2021,5,Gasoline AI-98,61.0
2021,5,Other,15954.0
2021,5,Diesel fuel,52253.0
2021,5,Total,104381.0
2021,5,Jet fuel TS-1,2073.0
2021,5,Liquefied petroleum gas,318.0
2021,6,Gasoline A-80,7994.0
2021,6,Gasoline AI-92,31340.0
2021,6,Gasoline AI-95,1656.0
2021,6,Gasoline AI-98,123.0
2021,6,Other,24492.0
2021,6,Diesel fuel,99393.0
2021,6,Total,167237.0
2021,6,Jet fuel TS-1,1713.0
2021,6,Liquefied petroleum gas,526.0
2021,7,Gasoline A-80,3787.0
2021,7,Gasoline AI-92,46758.0
2021,7,Gasoline AI-95,571.0
2021,7,Gasoline AI-98,
2021,7,Other,27098.0
2021,7,Diesel fuel,90549.0
2021,7,Total,170998.0
2021,7,Jet fuel TS-1,1993.0
2021,7,Liquefied petroleum gas,243.0
2021,8,Gasoline A-80,4236.0
2021,8,Gasoline AI-92,56744.0
2021,8,Gasoline AI-95,5066.0
2021,8,Gasoline AI-98,
2021,8,Other,4340.0
2021,8,Diesel fuel,80081.0
2021,8,Total,154815.0
2021,8,Jet fuel TS-1,832.0
2021,8,Liquefied petroleum gas,3515.0
2021,9,Gasoline A-80,4960.0
2021,9,Gasoline AI-92,33935.0
2021,9,Gasoline AI-95,118.0
2021,9,Gasoline AI-98,
2021,9,Other,7640.0
2021,9,Diesel fuel,63885.0
2021,9,Total,112997.0
2021,9,Jet fuel TS-1,562.0
2021,9,Liquefied petroleum gas,1898.0
2021,10,Gasoline A-80,436.0
2021,10,Gasoline AI-92,43728.0
2021,10,Gasoline AI-95,5109.0
2021,10,Gasoline AI-98,119.0
2021,10,Other,12836.0
2021,10,Diesel fuel,65044.0
2021,10,Total,130991.0
2021,10,Jet fuel TS-1,1789.0
2021,10,Liquefied petroleum gas,1929.0
2021,11,Gasoline A-80,10129.0
2021,11,Gasoline AI-92,83990.0
2021,11,Gasoline AI-95,3513.0
2021,11,Gasoline AI-98,462.0
2021,11,Other,8924.0
2021,11,Diesel fuel,86292.0
2021,11,Total,203881.0
2021,11,Jet fuel TS-1,4200.0
2021,11,Liquefied petroleum gas,6370.0
2021,12,Gasoline A-80,5672.0
2021,12,Gasoline AI-92,53674.0
2021,12,Gasoline AI-95,4025.0
2021,12,Gasoline AI-98,51.0
2021,12,Other,20250.0
2021,12,Diesel fuel,99303.0
2021,12,Total,189533.0
2021,12,Jet fuel TS-1,1314.0
2021,12,Liquefied petroleum gas,5245.0
2022,1,Gasoline A-80,1229.0
2022,1,Gasoline AI-92,39498.0
2022,1,Gasoline AI-95,1769.0
2022,1,Gasoline AI-98,
2022,1,Other,9317.0
2022,1,Diesel fuel,83809.0
2022,1,Total,139456.0
2022,1,Jet fuel TS-1,1805.0
2022,1,Liquefied petroleum gas,2030.0
2022,2,Gasoline A-80,4187.0
2022,2,Gasoline AI-92,63713.0
2022,2,Gasoline AI-95,1244.0
2022,2,Gasoline AI-98,
2022,2,Other,6588.0
2022,2,Diesel fuel,58792.0
2022,2,Total,138921.0
2022,2,Jet fuel TS-1,1492.0
2022,2,Liquefied petroleum gas,2904.0
2022,3,Gasoline A-80,4821.0
2022,3,Gasoline AI-92,55620.0
2022,3,Gasoline AI-95,3876.0
2022,3,Gasoline AI-98,122.0
2022,3,Other,9571.0
2022,3,Diesel fuel,53989.0
2022,3,Total,133828.0
2022,3,Jet fuel TS-1,2396.0
2022,3,Liquefied petroleum gas,3433.0
2022,4,Gasoline A-80,2254.0
2022,4,Gasoline AI-92,24945.0
2022,4,Gasoline AI-95,3391.0
2022,4,Gasoline AI-98,61.0
2022,4,Other,6791.0
2022,4,Diesel fuel,61773.0
2022,4,Total,114043.0
2022,4,Jet fuel TS-1,11553.0
2022,4,Liquefied petroleum gas,3276.0
2022,5,Gasoline A-80,2382.0
2022,5,Gasoline AI-92,59583.0
2022,5,Gasoline AI-95,1949.0
2022,5,Gasoline AI-98,
2022,5,Other,17178.0
2022,5,Diesel fuel,83553.0
2022,5,Total,172740.0
2022,5,Jet fuel TS-1,4245.0
2022,5,Liquefied petroleum gas,3850.0
2022,6,Gasoline A-80,4036.0
2022,6,Gasoline AI-92,48840.0
2022,6,Gasoline AI-95,2075.0
2022,6,Gasoline AI-98,
2022,6,Other,23969.0
2022,6,Diesel fuel,98140.0
2022,6,Total,187104.0
2022,6,Jet fuel TS-1,6807.0
2022,6,Liquefied petroleum gas,3237.0
2022,7,Gasoline A-80,741.0
2022,7,Gasoline AI-92,51376.0
2022,7,Gasoline AI-95,1271.0
2022,7,Gasoline AI-98,
2022,7,Other,11915.0
2022,7,Diesel fuel,66379.0
2022,7,Total,136573.0
2022,7,Jet fuel TS-1,1901.0
2022,7,Liquefied petroleum gas,2990.0
2022,8,Gasoline A-80,6911.0
2022,8,Gasoline AI-92,44534.0
2022,8,Gasoline AI-95,1559.0
2022,8,Gasoline AI-98,
2022,8,Other,9413.0
2022,8,Diesel fuel,90955.0
2022,8,Total,166937.0
2022,8,Jet fuel TS-1,4277.0
2022,8,Liquefied petroleum gas,9289.0
2022,9,Gasoline A-80,1292.0
2022,9,Gasoline AI-92,40452.0
2022,9,Gasoline AI-95,1209.0
2022,9,Gasoline AI-98,
2022,9,Other,20821.0
2022,9,Diesel fuel,79785.0
2022,9,Total,153678.0
2022,9,Jet fuel TS-1,8062.0
2022,9,Liquefied petroleum gas,2058.0
2022,10,Gasoline A-80,932.0
2022,10,Gasoline AI-92,62672.0
2022,10,Gasoline AI-95,2008.0
2022,10,Gasoline AI-98,
2022,10,Other,7913.0
2022,10,Diesel fuel,85633.0
2022,10,Total,164335.0
2022,10,Jet fuel TS-1,3579.0
2022,10,Liquefied petroleum gas,1598.0
2022,11,Gasoline A-80,2891.0
2022,11,Gasoline AI-92,73324.0
2022,11,Gasoline AI-95,905.0
2022,11,Gasoline AI-98,
2022,11,Other,3531.0
2022,11,Diesel fuel,83260.0
2022,11,Total,175240.0
2022,11,Jet fuel TS-1,6915.0
2022,11,Liquefied petroleum gas,4414.0
2022,12,Gasoline A-80,840.0
2022,12,Gasoline AI-92,52053.0
2022,12,Gasoline AI-95,1205.0
2022,12,Gasoline AI-98,
2022,12,Other,13772.0
2022,12,Diesel fuel,116402.0
2022,12,Total,192488.0
2022,12,Jet fuel TS-1,3915.0
2022,12,Liquefied petroleum gas,4299.0
2023,1,Gasoline A-80,2351.0
2023,1,Gasoline AI-92,29391.0
2023,1,Gasoline AI-95,2104.0
2023,1,Gasoline AI-98,0.0
2023,1,Other,3551.0
2023,1,Diesel fuel,122435.0
2023,1,Total,168935.0
2023,1,Jet fuel TS-1,6065.0
2023,1,Liquefied petroleum gas,3038.0
2023,2,Gasoline A-80,1440.0
2023,2,Gasoline AI-92,61738.0
2023,2,Gasoline AI-95,1463.0
2023,2,Gasoline AI-98,0.0
2023,2,Other,3988.0
2023,2,Diesel fuel,71540.0
2023,2,Total,153583.0
2023,2,Jet fuel TS-1,9242.0
2023,2,Liquefied petroleum gas,4172.0
2023,3,Gasoline A-80,2474.0
2023,3,Gasoline AI-92,54079.0
2023,3,Gasoline AI-95,2012.0
2023,3,Gasoline AI-98,0.0
2023,3,Other,12237.0
2023,3,Diesel fuel,96881.0
2023,3,Total,179102.0
2023,3,Jet fuel TS-1,8117.0
2023,3,Liquefied petroleum gas,3302.0
2023,4,Gasoline A-80,1032.0
2023,4,Gasoline AI-92,57674.0
2023,4,Gasoline AI-95,486.0
2023,4,Gasoline AI-98,0.0
2023,4,Other,20633.0
2023,4,Diesel fuel,104563.0
2023,4,Total,192367.0
2023,4,Jet fuel TS-1,5020.0
2023,4,Liquefied petroleum gas,2959.0
2023,5,Gasoline A-80,1695.0
2023,5,Gasoline AI-92,59760.0
2023,5,Gasoline AI-95,1265.0
2023,5,Gasoline AI-98,0.0
2023,5,Other,17992.0
2023,5,Diesel fuel,136356.0
2023,5,Total,233854.0
2023,5,Jet fuel TS-1,10634.0
2023,5,Liquefied petroleum gas,6152.0
2023,6,Gasoline A-80,2751.0
2023,6,Gasoline AI-92,65375.0
2023,6,Gasoline AI-95,1607.0
2023,6,Gasoline AI-98,0.0
2023,6,Other,23074.0
2023,6,Diesel fuel,114638.0
2023,6,Total,218606.0
2023,6,Jet fuel TS-1,8377.0
2023,6,Liquefied petroleum gas,2784.0
2023,7,Gasoline A-80,2795.0
2023,7,Gasoline AI-92,74997.0
2023,7,Gasoline AI-95,2004.0
2023,7,Gasoline AI-98,0.0
2023,7,Other,33591.0
2023,7,Diesel fuel,139103.0
2023,7,Total,262698.0
2023,7,Jet fuel TS-1,5667.0
2023,7,Liquefied petroleum gas,4541.0
2023,8,Gasoline A-80,4582.0
2023,8,Gasoline AI-92,76182.0
2023,8,Gasoline AI-95,1754.0
2023,8,Gasoline AI-98,0.0
2023,8,Other,28694.0
2023,8,Diesel fuel,152867.0
2023,8,Total,272540.0
2023,8,Jet fuel TS-1,5251.0
2023,8,Liquefied petroleum gas,3210.0
2023,9,Gasoline A-80,1452.0
2023,9,Gasoline AI-92,48141.0
2023,9,Gasoline AI-95,606.0
2023,9,Gasoline AI-98,0.0
2023,9,Other,15793.0
2023,9,Diesel fuel,82779.0
2023,9,Total,158754.0
2023,9,Jet fuel TS-1,6838.0
2023,9,Liquefied petroleum gas,3144.0
2023,10,Gasoline A-80,0.0
2023,10,Gasoline AI-92,32141.0
2023,10,Gasoline AI-95,2223.0
2023,10,Gasoline AI-98,0.0
2023,10,Other,34372.0
2023,10,Diesel fuel,63987.0
2023,10,Total,147865.0
2023,10,Jet fuel TS-1,13687.0
2023,10,Liquefied petroleum gas,1455.0
2023,11,Gasoline A-80,0.0
2023,11,Gasoline AI-92,64074.0
2023,11,Gasoline AI-95,3090.0
2023,11,Gasoline AI-98,0.0
2023,11,Other,7418.0
2023,11,Diesel fuel,111213.0
2023,11,Total,201024.0
2023,11,Jet fuel TS-1,10813.0
2023,11,Liquefied petroleum gas,4417.0
2023,12,Gasoline A-80,992.0
2023,12,Gasoline AI-92,62980.0
2023,12,Gasoline AI-95,2479.0
2023,12,Gasoline AI-98,0.0
2023,12,Other,5441.0
2023,12,Diesel fuel,146212.0
2023,12,Total,228157.0
2023,12,Jet fuel TS-1,6961.0
2023,12,Liquefied petroleum gas,3091.0
2024,1,Gasoline A-80,1740.0
2024,1,Gasoline AI-92,78421.0
2024,1,Gasoline AI-95,2492.0
2024,1,Gasoline AI-98,0.0
2024,1,Other,7635.0
2024,1,Diesel fuel,129542.0
2024,1,Total,231404.0
2024,1,Jet fuel TS-1,8552.0
2024,1,Liquefied petroleum gas,3022.0
2024,2,Gasoline A-80,0.0
2024,2,Gasoline AI-92,61289.0
2024,2,Gasoline AI-95,1404.0
2024,2,Other,5698.0
2024,2,Diesel fuel,92109.0
2024,2,Total,171587.0
2024,2,Jet fuel TS-1,6326.0
2024,2,Liquefied petroleum gas,4761.0
2024,3,Gasoline A-80,308.0
2024,3,Gasoline AI-92,69149.0
2024,3,Gasoline AI-95,1744.0
2024,3,Other,7804.0
2024,3,Diesel fuel,148622.0
2024,3,Total,240548.0
2024,3,Jet fuel TS-1,8136.0
2024,3,Liquefied petroleum gas,4785.0
2024,4,Gasoline A-80,128.0
2024,4,Gasoline AI-92,67436.0
2024,4,Gasoline AI-95,1194.0
2024,4,Other,10258.0
2024,4,Diesel fuel,140012.0
2024,4,Total,228537.0
2024,4,Jet fuel TS-1,6567.0
2024,4,Liquefied petroleum gas,2942.0
2024,5,Gasoline A-80,164.0
2024,5,Gasoline AI-92,70900.0
2024,5,Gasoline AI-95,4487.0
2024,5,Other,14379.0
2024,5,Diesel fuel,140677.0
2024,5,Total,243046.0
2024,5,Jet fuel TS-1,9649.0
2024,5,Liquefied petroleum gas,2790.0
2024,6,Gasoline A-80,1095.0
2024,6,Gasoline AI-92,64114.0
2024,6,Gasoline AI-95,1240.0
2024,6,Other,10820.0
2024,6,Diesel fuel,118720.0
2024,6,Total,209033.0
2024,6,Jet fuel TS-1,10590.0
2024,6,Liquefied petroleum gas,2454.0
2024,7,Gasoline A-80,58.4
2024,7,Gasoline AI-92,71929.2
2024,7,Gasoline AI-95,318.7
2024,7,Other,16812.7
2024,7,Diesel fuel,146949.3
2024,7,Total,251174.0
2024,7,Jet fuel TS-1,10015.4
2024,7,Liquefied petroleum gas,5090.7
2024,8,Gasoline A-80,417.9
2024,8,Gasoline AI-92,69273.3
2024,8,Gasoline AI-95,1540.8
2024,8,Other,22181.1
2024,8,Diesel fuel,149756.6
2024,8,Total,252918.0
2024,8,Jet fuel TS-1,6265.4
2024,8,Liquefied petroleum gas,3483.0
2024,9,Gasoline A-80,860.9
2024,9,Gasoline AI-92,66267.8
2024,9,Gasoline AI-95,572.3
2024,9,Other,24475.2
2024,9,Diesel fuel,142138.4
2024,9,Total,242019.0
2024,9,Jet fuel TS-1,2953.8
2024,9,Liquefied petroleum gas,4750.2
2024,10,Gasoline A-80,70.4
2024,10,Gasoline AI-92,64950.9
2024,10,Gasoline AI-95,462.9
2024,10,Other,19461.2
2024,10,Diesel fuel,127371.3
2024,10,Total,227244.0
2024,10,Jet fuel TS-1,9803.6
2024,10,Liquefied petroleum gas,5123.7
2024,11,Gasoline A-80,751.9
2024,11,Gasoline AI-92,79455.8
2024,11,Gasoline AI-95,844.8
2024,11,Other,7627.3
2024,11,Diesel fuel,120365.6
2024,11,Total,217162.0
2024,11,Jet fuel TS-1,5143.9
2024,11,Liquefied petroleum gas,2972.5
2024,12,Gasoline A-80,44.0
2024,12,Gasoline AI-92,102823.0
2024,12,Gasoline AI-95,2905.0
2024,12,Other,11235.0
2024,12,Diesel fuel,161342.0
2024,12,Total,293457.0
2024,12,Jet fuel TS-1,11363.0
2024,12,Liquefied petroleum gas,3745.0
2025,1,Gasoline A-80,66.0
2025,1,Gasoline AI-92,90482.0
2025,1,Gasoline AI-95,1487.0
2025,1,Other,6071.0
2025,1,Diesel fuel,183926.0
2025,1,Total,296382.0
2025,1,Jet fuel TS-1,10152.0
2025,1,Liquefied petroleum gas,4197.0
2025,2,Gasoline A-80,56.0
2025,2,Gasoline AI-92,66749.0
2025,2,Gasoline AI-95,1467.0
2025,2,Other,6042.0
2025,2,Diesel fuel,154191.0
2025,2,Total,236383.0
2025,2,Jet fuel TS-1,5092.0
2025,2,Liquefied petroleum gas,2786.0
2025,3,Gasoline A-80,131.0
2025,3,Gasoline AI-92,67438.0
2025,3,Gasoline AI-95,1950.0
2025,3,Other,6480.0
2025,3,Diesel fuel,127439.0
2025,3,Total,216299.0
2025,3,Jet fuel TS-1,8241.0
2025,3,Liquefied petroleum gas,4620.0
2025,4,Gasoline A-80,0.0
2025,4,Gasoline AI-92,48497.0
2025,4,Gasoline AI-95,339.0
2025,4,Other,15853.0
2025,4,Diesel fuel,140578.0
2025,4,Total,219425.0
2025,4,Jet fuel TS-1,11201.0
2025,4,Liquefied petroleum gas,2957.0
2025,5,Gasoline A-80,0.0
2025,5,Gasoline AI-92,58478.0
2025,5,Gasoline AI-95,1401.0
2025,5,Other,17850.0
2025,5,Diesel fuel,112022.0
2025,5,Total,195699.0
2025,5,Jet fuel TS-1,2624.0
2025,5,Liquefied petroleum gas,3324.0
2025,6,Gasoline A-80,0.0
2025,6,Gasoline AI-92,68871.0
2025,6,Gasoline AI-95,694.0
2025,6,Other,24463.0
2025,6,Diesel fuel,125025.0
2025,6,Total,227332.0
2025,6,Jet fuel TS-1,7201.0
2025,6,Liquefied petroleum gas,1078.0
2025,7,Gasoline A-80,
2025,7,Gasoline AI-92,76949.0
2025,7,Gasoline AI-95,1376.0
2025,7,Other,16140.0
2025,7,Diesel fuel,153359.0
2025,7,Total,259693.0
2025,7,Jet fuel TS-1,6512.0
2025,7,Liquefied petroleum gas,5357.0
2025,8,Gasoline A-80,
2025,8,Gasoline AI-92,70337.0
2025,8,Gasoline AI-95,1188.0
2025,8,Other,18454.0
2025,8,Diesel fuel,199924.0
2025,8,Total,307239.0
2025,8,Jet fuel TS-1,10770.0
2025,8,Liquefied petroleum gas,6566.0
2025,9,Gasoline A-80,
2025,9,Gasoline AI-92,70444.0
2025,9,Gasoline AI-95,2704.0
2025,9,Other,19944.0
2025,9,Diesel fuel,164054.0
2025,9,Total,268427.0
2025,9,Jet fuel TS-1,3173.0
2025,9,Liquefied petroleum gas,8108.0
2025,10,Gasoline A-80,
2025,10,Gasoline AI-92,58721.0
2025,10,Gasoline AI-95,563.0
2025,10,Other,13393.0
2025,10,Diesel fuel,138853.0
2025,10,Total,219147.0
2025,10,Jet fuel TS-1,4378.0
2025,10,Liquefied petroleum gas,3239.0
2025,11,Gasoline A-80,
2025,11,Gasoline AI-92,71445.0
2025,11,Gasoline AI-95,2425.0
2025,11,Other,6149.0
2025,11,Diesel fuel,129576.0
2025,11,Total,217609.0
2025,11,Jet fuel TS-1,4888.0
2025,11,Liquefied petroleum gas,3126.0
2025,12,Gasoline A-80,
2025,12,Gasoline AI-92,79746.0
2025,12,Gasoline AI-95,4944.0
2025,12,Other,3912.0
2025,12,Diesel fuel,205572.0
2025,12,Total,309380.0
2025,12,Jet fuel TS-1,11420.0
2025,12,Liquefied petroleum gas,3786.0
2026,1,Gasoline A-80,
2026,1,Gasoline AI-92,108024.0
2026,1,Gasoline AI-95,3043.0
2026,1,Other,3715.0
2026,1,Diesel fuel,145938.0
2026,1,Total,267852.0
2026,1,Jet fuel TS-1,3078.0
2026,1,Liquefied petroleum gas,4054.0
2026,2,Gasoline AI-92 Euro-5,18218.0
2026,2,Gasoline AI-92,90870.0
2026,2,Gasoline AI-95,2733.0
2026,2,Other,2517.0
2026,2,Diesel fuel,130546.0
2026,2,Diesel Euro-5,25343.0
2026,2,Total,279927.0
2026,2,Jet fuel TS-1,5406.0
2026,2,Liquefied petroleum gas,4294.0
2026,3,Gasoline AI-92 Euro-5,14033.0
2026,3,Gasoline AI-92,81106.0
2026,3,Gasoline AI-95,4547.0
2026,3,Other,7075.0
2026,3,Diesel fuel,144131.0
2026,3,Diesel Euro-5,26396.0
2026,3,Total,288191.0
2026,3,Jet fuel TS-1,6197.0
2026,3,Liquefied petroleum gas,4706.0
2026,4,Gasoline AI-92 Euro-5,6401.0
2026,4,Gasoline AI-92,49862.0
2026,4,Gasoline AI-95,1794.0
2026,4,Other,14453.0
2026,4,Diesel fuel,146027.0
2026,4,Diesel Euro-5,49562.0
2026,4,Total,284097.0
2026,4,Jet fuel TS-1,11588.0
2026,4,Liquefied petroleum gas,4409.0
2026,5,Gasoline AI-92 Euro-5,3352.0
2026,5,Gasoline AI-92,67787.0
2026,5,Gasoline AI-95,913.0
2026,5,Other,16975.0
2026,5,Diesel fuel,118622.0
2026,5,Diesel Euro-5,45244.0
2026,5,Total,264818.0
2026,5,Jet fuel TS-1,8883.0
2026,5,Liquefied petroleum gas,3043.0
2026,6,Gasoline AI-92 Euro-5,521.0
2026,6,Gasoline AI-92,57353.0
2026,6,Gasoline AI-95,
2026,6,Other,17957.0
2026,6,Diesel fuel,114874.0
2026,6,Diesel Euro-5,21574.0
2026,6,Total,221575.0
2026,6,Jet fuel TS-1,5253.0
2026,6,Liquefied petroleum gas,4043.0
