Region,Year,value
Total,2025,47480.0
Total,2024,44673.0
Total,2023,35574.0
Total,2022,35340.0
Total,2021,25429.0
Total,2020,23064.0
Total,2019,31524.0
Total,2018,36220.0
Total,2017,32259.0
Total,2016,27167.0
Total,2015,27757.0
Total,2014,27318.0
Total,2013,25362.0
Total,2012,22089.0
Total,2011,19197.0
Total,2010,19825.0
Total,2009,20373.0
Total,2008,20704.0
Total,2007,21268.0
Total,2006,18253.0
Total,2005,17411.0
Total,2004,18905.0
Total,2003,19934.0
Total,2002,22555.0
Total,2001,23670.0
Total,2000,23463.0
Total,1999,23352.0
Total,1998,22737.0
Total,1997,24653.0
Total,1996,22368.0
Total,1995,20496.0
Total,1994,18563.0
Total,1993,17354.0
Total,1992,12467.0
Total,1991,9825.0
Total,1990,9060.0
Total,1989,7623.0
 Khangai region,2025,1966.0
 Khangai region,2024,1719.0
 Khangai region,2023,1308.0
 Khangai region,2022,1659.0
 Khangai region,2021,1298.0
 Khangai region,2020,1304.0
 Khangai region,2019,1823.0
 Khangai region,2018,1770.0
 Khangai region,2017,1569.0
 Khangai region,2016,1400.0
 Khangai region,2015,1414.0
 Khangai region,2014,1391.0
 Khangai region,2013,1387.0
 Khangai region,2012,1299.0
 Khangai region,2011,1205.0
 Khangai region,2010,1333.0
 Khangai region,2009,1172.0
 Khangai region,2008,1250.0
 Khangai region,2007,1410.0
 Khangai region,2006,1261.0
 Khangai region,2005,1202.0
 Khangai region,2004,1243.0
 Khangai region,2003,1230.0
 Khangai region,2002,1506.0
 Khangai region,2001,1632.0
 Khangai region,2000,1479.0
 Khangai region,1999,1399.0
 Khangai region,1998,1277.0
 Khangai region,1997,1557.0
 Khangai region,1996,1555.0
 Khangai region,1995,1262.0
 Khangai region,1994,1190.0
 Khangai region,1993,1160.0
 Khangai region,1992,773.0
 Khangai region,1991,633.0
 Khangai region,1990,630.0
 Khangai region,1989,550.0
    Arkhangai,2025,475.0
    Arkhangai,2024,447.0
    Arkhangai,2023,397.0
    Arkhangai,2022,524.0
    Arkhangai,2021,412.0
    Arkhangai,2020,435.0
    Arkhangai,2019,568.0
    Arkhangai,2018,519.0
    Arkhangai,2017,514.0
    Arkhangai,2016,536.0
    Arkhangai,2015,512.0
    Arkhangai,2014,469.0
    Arkhangai,2013,437.0
    Arkhangai,2012,418.0
    Arkhangai,2011,385.0
    Arkhangai,2010,458.0
    Arkhangai,2009,431.0
    Arkhangai,2008,526.0
    Arkhangai,2007,483.0
    Arkhangai,2006,398.0
    Arkhangai,2005,384.0
    Arkhangai,2004,344.0
    Arkhangai,2003,345.0
    Arkhangai,2002,352.0
    Arkhangai,2001,384.0
    Arkhangai,2000,394.0
    Arkhangai,1999,450.0
    Arkhangai,1998,427.0
    Arkhangai,1997,575.0
    Arkhangai,1996,528.0
    Arkhangai,1995,374.0
    Arkhangai,1994,326.0
    Arkhangai,1993,448.0
    Arkhangai,1992,213.0
    Arkhangai,1991,206.0
    Arkhangai,1990,222.0
    Arkhangai,1989,213.0
    Bayankhongor,2025,706.0
    Bayankhongor,2024,577.0
    Bayankhongor,2023,395.0
    Bayankhongor,2022,439.0
    Bayankhongor,2021,428.0
    Bayankhongor,2020,462.0
    Bayankhongor,2019,642.0
    Bayankhongor,2018,581.0
    Bayankhongor,2017,563.0
    Bayankhongor,2016,356.0
    Bayankhongor,2015,360.0
    Bayankhongor,2014,430.0
    Bayankhongor,2013,431.0
    Bayankhongor,2012,336.0
    Bayankhongor,2011,347.0
    Bayankhongor,2010,436.0
    Bayankhongor,2009,386.0
    Bayankhongor,2008,349.0
    Bayankhongor,2007,382.0
    Bayankhongor,2006,364.0
    Bayankhongor,2005,360.0
    Bayankhongor,2004,343.0
    Bayankhongor,2003,366.0
    Bayankhongor,2002,464.0
    Bayankhongor,2001,478.0
    Bayankhongor,2000,415.0
    Bayankhongor,1999,396.0
    Bayankhongor,1998,415.0
    Bayankhongor,1997,468.0
    Bayankhongor,1996,457.0
    Bayankhongor,1995,365.0
    Bayankhongor,1994,390.0
    Bayankhongor,1993,325.0
    Bayankhongor,1992,250.0
    Bayankhongor,1991,211.0
    Bayankhongor,1990,205.0
    Bayankhongor,1989,164.0
     Uvurkhangai,2025,785.0
     Uvurkhangai,2024,695.0
     Uvurkhangai,2023,516.0
     Uvurkhangai,2022,696.0
     Uvurkhangai,2021,458.0
     Uvurkhangai,2020,407.0
     Uvurkhangai,2019,613.0
     Uvurkhangai,2018,670.0
     Uvurkhangai,2017,492.0
     Uvurkhangai,2016,508.0
     Uvurkhangai,2015,542.0
     Uvurkhangai,2014,492.0
     Uvurkhangai,2013,519.0
     Uvurkhangai,2012,545.0
     Uvurkhangai,2011,473.0
     Uvurkhangai,2010,439.0
     Uvurkhangai,2009,355.0
     Uvurkhangai,2008,375.0
     Uvurkhangai,2007,545.0
     Uvurkhangai,2006,499.0
     Uvurkhangai,2005,458.0
     Uvurkhangai,2004,556.0
     Uvurkhangai,2003,519.0
     Uvurkhangai,2002,690.0
     Uvurkhangai,2001,770.0
     Uvurkhangai,2000,670.0
     Uvurkhangai,1999,553.0
     Uvurkhangai,1998,435.0
     Uvurkhangai,1997,514.0
     Uvurkhangai,1996,570.0
     Uvurkhangai,1995,523.0
     Uvurkhangai,1994,474.0
     Uvurkhangai,1993,387.0
     Uvurkhangai,1992,310.0
     Uvurkhangai,1991,216.0
     Uvurkhangai,1990,203.0
     Uvurkhangai,1989,173.0
 Western region,2025,2457.0
 Western region,2024,2161.0
 Western region,2023,1942.0
 Western region,2022,1774.0
 Western region,2021,1440.0
 Western region,2020,1312.0
 Western region,2019,1596.0
 Western region,2018,1451.0
 Western region,2017,1529.0
 Western region,2016,1443.0
 Western region,2015,1584.0
 Western region,2014,1516.0
 Western region,2013,1538.0
 Western region,2012,1567.0
 Western region,2011,1457.0
 Western region,2010,1530.0
 Western region,2009,1545.0
 Western region,2008,1843.0
 Western region,2007,1813.0
 Western region,2006,1547.0
 Western region,2005,1440.0
 Western region,2004,1461.0
 Western region,2003,1564.0
 Western region,2002,1862.0
 Western region,2001,1909.0
 Western region,2000,1815.0
 Western region,1999,1983.0
 Western region,1998,1858.0
 Western region,1997,1864.0
 Western region,1996,1554.0
 Western region,1995,1361.0
 Western region,1994,1312.0
 Western region,1993,1332.0
 Western region,1992,1034.0
 Western region,1991,814.0
 Western region,1990,734.0
 Western region,1989,688.0
     Bayan-Ulgii,2025,596.0
     Bayan-Ulgii,2024,447.0
     Bayan-Ulgii,2023,407.0
     Bayan-Ulgii,2022,313.0
     Bayan-Ulgii,2021,187.0
     Bayan-Ulgii,2020,308.0
     Bayan-Ulgii,2019,306.0
     Bayan-Ulgii,2018,318.0
     Bayan-Ulgii,2017,319.0
     Bayan-Ulgii,2016,281.0
     Bayan-Ulgii,2015,279.0
     Bayan-Ulgii,2014,287.0
     Bayan-Ulgii,2013,349.0
     Bayan-Ulgii,2012,467.0
     Bayan-Ulgii,2011,345.0
     Bayan-Ulgii,2010,378.0
     Bayan-Ulgii,2009,313.0
     Bayan-Ulgii,2008,365.0
     Bayan-Ulgii,2007,351.0
     Bayan-Ulgii,2006,235.0
     Bayan-Ulgii,2005,144.0
     Bayan-Ulgii,2004,123.0
     Bayan-Ulgii,2003,199.0
     Bayan-Ulgii,2002,232.0
     Bayan-Ulgii,2001,275.0
     Bayan-Ulgii,2000,253.0
     Bayan-Ulgii,1999,272.0
     Bayan-Ulgii,1998,268.0
     Bayan-Ulgii,1997,221.0
     Bayan-Ulgii,1996,236.0
     Bayan-Ulgii,1995,206.0
     Bayan-Ulgii,1994,161.0
     Bayan-Ulgii,1993,188.0
     Bayan-Ulgii,1992,217.0
     Bayan-Ulgii,1991,138.0
     Bayan-Ulgii,1990,105.0
     Bayan-Ulgii,1989,100.0
     Govi-Altai,2025,382.0
     Govi-Altai,2024,405.0
     Govi-Altai,2023,273.0
     Govi-Altai,2022,231.0
     Govi-Altai,2021,231.0
     Govi-Altai,2020,151.0
     Govi-Altai,2019,235.0
     Govi-Altai,2018,203.0
     Govi-Altai,2017,200.0
     Govi-Altai,2016,183.0
     Govi-Altai,2015,210.0
     Govi-Altai,2014,199.0
     Govi-Altai,2013,189.0
     Govi-Altai,2012,169.0
     Govi-Altai,2011,148.0
     Govi-Altai,2010,174.0
     Govi-Altai,2009,123.0
     Govi-Altai,2008,177.0
     Govi-Altai,2007,239.0
     Govi-Altai,2006,175.0
     Govi-Altai,2005,157.0
     Govi-Altai,2004,172.0
     Govi-Altai,2003,191.0
     Govi-Altai,2002,269.0
     Govi-Altai,2001,261.0
     Govi-Altai,2000,251.0
     Govi-Altai,1999,298.0
     Govi-Altai,1998,288.0
     Govi-Altai,1997,301.0
     Govi-Altai,1996,187.0
     Govi-Altai,1995,184.0
     Govi-Altai,1994,223.0
     Govi-Altai,1993,195.0
     Govi-Altai,1992,122.0
     Govi-Altai,1991,109.0
     Govi-Altai,1990,101.0
     Govi-Altai,1989,81.0
     Zavkhan,2025,483.0
     Zavkhan,2024,285.0
     Zavkhan,2023,328.0
     Zavkhan,2022,405.0
     Zavkhan,2021,367.0
     Zavkhan,2020,271.0
     Zavkhan,2019,247.0
     Zavkhan,2018,235.0
     Zavkhan,2017,221.0
     Zavkhan,2016,259.0
     Zavkhan,2015,225.0
     Zavkhan,2014,312.0
     Zavkhan,2013,300.0
     Zavkhan,2012,354.0
     Zavkhan,2011,320.0
     Zavkhan,2010,294.0
     Zavkhan,2009,324.0
     Zavkhan,2008,320.0
     Zavkhan,2007,335.0
     Zavkhan,2006,297.0
     Zavkhan,2005,340.0
     Zavkhan,2004,397.0
     Zavkhan,2003,383.0
     Zavkhan,2002,406.0
     Zavkhan,2001,479.0
     Zavkhan,2000,441.0
     Zavkhan,1999,374.0
     Zavkhan,1998,332.0
     Zavkhan,1997,366.0
     Zavkhan,1996,334.0
     Zavkhan,1995,329.0
     Zavkhan,1994,294.0
     Zavkhan,1993,286.0
     Zavkhan,1992,201.0
     Zavkhan,1991,163.0
     Zavkhan,1990,195.0
     Zavkhan,1989,183.0
     Uvs,2025,336.0
     Uvs,2024,348.0
     Uvs,2023,333.0
     Uvs,2022,287.0
     Uvs,2021,239.0
     Uvs,2020,188.0
     Uvs,2019,327.0
     Uvs,2018,332.0
     Uvs,2017,356.0
     Uvs,2016,322.0
     Uvs,2015,372.0
     Uvs,2014,361.0
     Uvs,2013,334.0
     Uvs,2012,306.0
     Uvs,2011,363.0
     Uvs,2010,389.0
     Uvs,2009,405.0
     Uvs,2008,463.0
     Uvs,2007,363.0
     Uvs,2006,351.0
     Uvs,2005,443.0
     Uvs,2004,444.0
     Uvs,2003,456.0
     Uvs,2002,453.0
     Uvs,2001,441.0
     Uvs,2000,432.0
     Uvs,1999,586.0
     Uvs,1998,452.0
     Uvs,1997,429.0
     Uvs,1996,341.0
     Uvs,1995,275.0
     Uvs,1994,316.0
     Uvs,1993,308.0
     Uvs,1992,262.0
     Uvs,1991,203.0
     Uvs,1990,173.0
     Uvs,1989,152.0
     Khovd,2025,660.0
     Khovd,2024,676.0
     Khovd,2023,601.0
     Khovd,2022,538.0
     Khovd,2021,416.0
     Khovd,2020,394.0
     Khovd,2019,481.0
     Khovd,2018,363.0
     Khovd,2017,433.0
     Khovd,2016,398.0
     Khovd,2015,498.0
     Khovd,2014,357.0
     Khovd,2013,366.0
     Khovd,2012,271.0
     Khovd,2011,281.0
     Khovd,2010,295.0
     Khovd,2009,380.0
     Khovd,2008,518.0
     Khovd,2007,525.0
     Khovd,2006,489.0
     Khovd,2005,356.0
     Khovd,2004,325.0
     Khovd,2003,335.0
     Khovd,2002,502.0
     Khovd,2001,453.0
     Khovd,2000,438.0
     Khovd,1999,453.0
     Khovd,1998,518.0
     Khovd,1997,547.0
     Khovd,1996,456.0
     Khovd,1995,367.0
     Khovd,1994,318.0
     Khovd,1993,355.0
     Khovd,1992,232.0
     Khovd,1991,201.0
     Khovd,1990,160.0
     Khovd,1989,172.0
 Northern region,2025,2228.0
 Northern region,2024,2088.0
 Northern region,2023,1753.0
 Northern region,2022,2041.0
 Northern region,2021,1608.0
 Northern region,2020,1417.0
 Northern region,2019,1949.0
 Northern region,2018,1925.0
 Northern region,2017,1992.0
 Northern region,2016,1500.0
 Northern region,2015,1617.0
 Northern region,2014,1653.0
 Northern region,2013,1525.0
 Northern region,2012,1349.0
 Northern region,2011,1215.0
 Northern region,2010,1178.0
 Northern region,2009,1167.0
 Northern region,2008,1223.0
 Northern region,2007,1352.0
 Northern region,2006,1345.0
 Northern region,2005,1414.0
 Northern region,2004,1607.0
 Northern region,2003,1670.0
 Northern region,2002,1722.0
 Northern region,2001,1703.0
 Northern region,2000,1959.0
 Northern region,1999,1879.0
 Northern region,1998,1915.0
 Northern region,1997,1843.0
 Northern region,1996,1735.0
 Northern region,1995,1529.0
 Northern region,1994,1495.0
 Northern region,1993,1273.0
 Northern region,1992,1061.0
 Northern region,1991,736.0
 Northern region,1990,742.0
 Northern region,1989,490.0
     Bulgan,2025,437.0
     Bulgan,2024,411.0
     Bulgan,2023,392.0
     Bulgan,2022,467.0
     Bulgan,2021,388.0
     Bulgan,2020,349.0
     Bulgan,2019,459.0
     Bulgan,2018,344.0
     Bulgan,2017,362.0
     Bulgan,2016,265.0
     Bulgan,2015,295.0
     Bulgan,2014,352.0
     Bulgan,2013,387.0
     Bulgan,2012,300.0
     Bulgan,2011,249.0
     Bulgan,2010,243.0
     Bulgan,2009,289.0
     Bulgan,2008,280.0
     Bulgan,2007,288.0
     Bulgan,2006,263.0
     Bulgan,2005,281.0
     Bulgan,2004,325.0
     Bulgan,2003,386.0
     Bulgan,2002,452.0
     Bulgan,2001,530.0
     Bulgan,2000,413.0
     Bulgan,1999,429.0
     Bulgan,1998,449.0
     Bulgan,1997,421.0
     Bulgan,1996,273.0
     Bulgan,1995,220.0
     Bulgan,1994,301.0
     Bulgan,1993,259.0
     Bulgan,1992,199.0
     Bulgan,1991,147.0
     Bulgan,1990,120.0
     Bulgan,1989,120.0
     Orkhon,2025,1079.0
     Orkhon,2024,984.0
     Orkhon,2023,761.0
     Orkhon,2022,731.0
     Orkhon,2021,504.0
     Orkhon,2020,533.0
     Orkhon,2019,747.0
     Orkhon,2018,794.0
     Orkhon,2017,881.0
     Orkhon,2016,528.0
     Orkhon,2015,566.0
     Orkhon,2014,571.0
     Orkhon,2013,583.0
     Orkhon,2012,545.0
     Orkhon,2011,481.0
     Orkhon,2010,516.0
     Orkhon,2009,368.0
     Orkhon,2008,457.0
     Orkhon,2007,490.0
     Orkhon,2006,453.0
     Orkhon,2005,445.0
     Orkhon,2004,449.0
     Orkhon,2003,415.0
     Orkhon,2002,510.0
     Orkhon,2001,515.0
     Orkhon,2000,587.0
     Orkhon,1999,659.0
     Orkhon,1998,541.0
     Orkhon,1997,549.0
     Orkhon,1996,599.0
     Orkhon,1995,543.0
     Orkhon,1994,451.0
     Orkhon,1993,487.0
     Orkhon,1992,454.0
     Orkhon,1991,321.0
     Orkhon,1990,281.0
     Orkhon,1989,155.0
     Khuvsgul,2025,712.0
     Khuvsgul,2024,693.0
     Khuvsgul,2023,600.0
     Khuvsgul,2022,843.0
     Khuvsgul,2021,716.0
     Khuvsgul,2020,535.0
     Khuvsgul,2019,743.0
     Khuvsgul,2018,787.0
     Khuvsgul,2017,749.0
     Khuvsgul,2016,707.0
     Khuvsgul,2015,756.0
     Khuvsgul,2014,730.0
     Khuvsgul,2013,555.0
     Khuvsgul,2012,504.0
     Khuvsgul,2011,485.0
     Khuvsgul,2010,419.0
     Khuvsgul,2009,510.0
     Khuvsgul,2008,486.0
     Khuvsgul,2007,574.0
     Khuvsgul,2006,629.0
     Khuvsgul,2005,688.0
     Khuvsgul,2004,833.0
     Khuvsgul,2003,869.0
     Khuvsgul,2002,760.0
     Khuvsgul,2001,658.0
     Khuvsgul,2000,959.0
     Khuvsgul,1999,791.0
     Khuvsgul,1998,925.0
     Khuvsgul,1997,873.0
     Khuvsgul,1996,863.0
     Khuvsgul,1995,766.0
     Khuvsgul,1994,743.0
     Khuvsgul,1993,527.0
     Khuvsgul,1992,408.0
     Khuvsgul,1991,268.0
     Khuvsgul,1990,341.0
     Khuvsgul,1989,215.0
 Central region,2025,3131.0
 Central region,2024,2656.0
 Central region,2023,2128.0
 Central region,2022,2207.0
 Central region,2021,1791.0
 Central region,2020,1852.0
 Central region,2019,2435.0
 Central region,2018,2376.0
 Central region,2017,2307.0
 Central region,2016,2156.0
 Central region,2015,2448.0
 Central region,2014,2617.0
 Central region,2013,2355.0
 Central region,2012,2095.0
 Central region,2011,1846.0
 Central region,2010,2036.0
 Central region,2009,2164.0
 Central region,2008,2341.0
 Central region,2007,2273.0
 Central region,2006,2160.0
 Central region,2005,2171.0
 Central region,2004,2281.0
 Central region,2003,2392.0
 Central region,2002,2855.0
 Central region,2001,3349.0
 Central region,2000,3221.0
 Central region,1999,3149.0
 Central region,1998,3322.0
 Central region,1997,3433.0
 Central region,1996,3094.0
 Central region,1995,2741.0
 Central region,1994,2819.0
 Central region,1993,2626.0
 Central region,1992,1854.0
 Central region,1991,1373.0
 Central region,1990,1286.0
 Central region,1989,1176.0
    Darkhan-Uul,2025,1207.0
    Darkhan-Uul,2024,982.0
    Darkhan-Uul,2023,714.0
    Darkhan-Uul,2022,678.0
    Darkhan-Uul,2021,543.0
    Darkhan-Uul,2020,566.0
    Darkhan-Uul,2019,803.0
    Darkhan-Uul,2018,818.0
    Darkhan-Uul,2017,768.0
    Darkhan-Uul,2016,675.0
    Darkhan-Uul,2015,792.0
    Darkhan-Uul,2014,894.0
    Darkhan-Uul,2013,754.0
    Darkhan-Uul,2012,619.0
    Darkhan-Uul,2011,557.0
    Darkhan-Uul,2010,614.0
    Darkhan-Uul,2009,608.0
    Darkhan-Uul,2008,644.0
    Darkhan-Uul,2007,683.0
    Darkhan-Uul,2006,664.0
    Darkhan-Uul,2005,710.0
    Darkhan-Uul,2004,626.0
    Darkhan-Uul,2003,803.0
    Darkhan-Uul,2002,797.0
    Darkhan-Uul,2001,915.0
    Darkhan-Uul,2000,1012.0
    Darkhan-Uul,1999,936.0
    Darkhan-Uul,1998,1125.0
    Darkhan-Uul,1997,1158.0
    Darkhan-Uul,1996,1065.0
    Darkhan-Uul,1995,834.0
    Darkhan-Uul,1994,1017.0
    Darkhan-Uul,1993,1030.0
    Darkhan-Uul,1992,759.0
    Darkhan-Uul,1991,634.0
    Darkhan-Uul,1990,540.0
    Darkhan-Uul,1989,456.0
    Selenge,2025,965.0
    Selenge,2024,870.0
    Selenge,2023,726.0
    Selenge,2022,775.0
    Selenge,2021,637.0
    Selenge,2020,549.0
    Selenge,2019,767.0
    Selenge,2018,779.0
    Selenge,2017,729.0
    Selenge,2016,669.0
    Selenge,2015,793.0
    Selenge,2014,764.0
    Selenge,2013,679.0
    Selenge,2012,704.0
    Selenge,2011,618.0
    Selenge,2010,797.0
    Selenge,2009,814.0
    Selenge,2008,960.0
    Selenge,2007,853.0
    Selenge,2006,816.0
    Selenge,2005,933.0
    Selenge,2004,906.0
    Selenge,2003,879.0
    Selenge,2002,1171.0
    Selenge,2001,1519.0
    Selenge,2000,1292.0
    Selenge,1999,1387.0
    Selenge,1998,1123.0
    Selenge,1997,1171.0
    Selenge,1996,1138.0
    Selenge,1995,1108.0
    Selenge,1994,1008.0
    Selenge,1993,912.0
    Selenge,1992,578.0
    Selenge,1991,367.0
    Selenge,1990,354.0
    Selenge,1989,332.0
    Tuv,2025,959.0
    Tuv,2024,804.0
    Tuv,2023,688.0
    Tuv,2022,754.0
    Tuv,2021,611.0
    Tuv,2020,737.0
    Tuv,2019,865.0
    Tuv,2018,779.0
    Tuv,2017,810.0
    Tuv,2016,812.0
    Tuv,2015,863.0
    Tuv,2014,959.0
    Tuv,2013,922.0
    Tuv,2012,772.0
    Tuv,2011,671.0
    Tuv,2010,625.0
    Tuv,2009,742.0
    Tuv,2008,737.0
    Tuv,2007,737.0
    Tuv,2006,680.0
    Tuv,2005,528.0
    Tuv,2004,749.0
    Tuv,2003,710.0
    Tuv,2002,887.0
    Tuv,2001,915.0
    Tuv,2000,917.0
    Tuv,1999,826.0
    Tuv,1998,1074.0
    Tuv,1997,1104.0
    Tuv,1996,891.0
    Tuv,1995,799.0
    Tuv,1994,794.0
    Tuv,1993,684.0
    Tuv,1992,517.0
    Tuv,1991,372.0
    Tuv,1990,392.0
    Tuv,1989,388.0
 Eastern region,2025,2253.0
 Eastern region,2024,1830.0
 Eastern region,2023,1658.0
 Eastern region,2022,1777.0
 Eastern region,2021,1420.0
 Eastern region,2020,1415.0
 Eastern region,2019,1971.0
 Eastern region,2018,1594.0
 Eastern region,2017,1373.0
 Eastern region,2016,1221.0
 Eastern region,2015,1306.0
 Eastern region,2014,1466.0
 Eastern region,2013,1492.0
 Eastern region,2012,1416.0
 Eastern region,2011,1323.0
 Eastern region,2010,1386.0
 Eastern region,2009,1484.0
 Eastern region,2008,1539.0
 Eastern region,2007,2000.0
 Eastern region,2006,1795.0
 Eastern region,2005,1514.0
 Eastern region,2004,1550.0
 Eastern region,2003,1419.0
 Eastern region,2002,1909.0
 Eastern region,2001,2391.0
 Eastern region,2000,2322.0
 Eastern region,1999,1928.0
 Eastern region,1998,2044.0
 Eastern region,1997,2228.0
 Eastern region,1996,2283.0
 Eastern region,1995,2181.0
 Eastern region,1994,1678.0
 Eastern region,1993,1771.0
 Eastern region,1992,1246.0
 Eastern region,1991,767.0
 Eastern region,1990,923.0
 Eastern region,1989,671.0
    Dornod,2025,703.0
    Dornod,2024,646.0
    Dornod,2023,533.0
    Dornod,2022,561.0
    Dornod,2021,536.0
    Dornod,2020,476.0
    Dornod,2019,605.0
    Dornod,2018,602.0
    Dornod,2017,582.0
    Dornod,2016,482.0
    Dornod,2015,529.0
    Dornod,2014,566.0
    Dornod,2013,751.0
    Dornod,2012,578.0
    Dornod,2011,413.0
    Dornod,2010,526.0
    Dornod,2009,645.0
    Dornod,2008,577.0
    Dornod,2007,803.0
    Dornod,2006,690.0
    Dornod,2005,559.0
    Dornod,2004,582.0
    Dornod,2003,526.0
    Dornod,2002,567.0
    Dornod,2001,756.0
    Dornod,2000,927.0
    Dornod,1999,815.0
    Dornod,1998,782.0
    Dornod,1997,763.0
    Dornod,1996,834.0
    Dornod,1995,836.0
    Dornod,1994,548.0
    Dornod,1993,738.0
    Dornod,1992,541.0
    Dornod,1991,315.0
    Dornod,1990,423.0
    Dornod,1989,233.0
    Sukhbaatar,2025,692.0
    Sukhbaatar,2024,497.0
    Sukhbaatar,2023,456.0
    Sukhbaatar,2022,511.0
    Sukhbaatar,2021,344.0
    Sukhbaatar,2020,408.0
    Sukhbaatar,2019,525.0
    Sukhbaatar,2018,366.0
    Sukhbaatar,2017,338.0
    Sukhbaatar,2016,319.0
    Sukhbaatar,2015,317.0
    Sukhbaatar,2014,322.0
    Sukhbaatar,2013,312.0
    Sukhbaatar,2012,207.0
    Sukhbaatar,2011,183.0
    Sukhbaatar,2010,190.0
    Sukhbaatar,2009,200.0
    Sukhbaatar,2008,187.0
    Sukhbaatar,2007,224.0
    Sukhbaatar,2006,181.0
    Sukhbaatar,2005,170.0
    Sukhbaatar,2004,173.0
    Sukhbaatar,2003,180.0
    Sukhbaatar,2002,289.0
    Sukhbaatar,2001,260.0
    Sukhbaatar,2000,265.0
    Sukhbaatar,1999,276.0
    Sukhbaatar,1998,276.0
    Sukhbaatar,1997,316.0
    Sukhbaatar,1996,279.0
    Sukhbaatar,1995,341.0
    Sukhbaatar,1994,354.0
    Sukhbaatar,1993,364.0
    Sukhbaatar,1992,213.0
    Sukhbaatar,1991,136.0
    Sukhbaatar,1990,149.0
    Sukhbaatar,1989,133.0
    Khentii,2025,858.0
    Khentii,2024,687.0
    Khentii,2023,669.0
    Khentii,2022,705.0
    Khentii,2021,540.0
    Khentii,2020,531.0
    Khentii,2019,841.0
    Khentii,2018,626.0
    Khentii,2017,453.0
    Khentii,2016,420.0
    Khentii,2015,460.0
    Khentii,2014,578.0
    Khentii,2013,429.0
    Khentii,2012,631.0
    Khentii,2011,727.0
    Khentii,2010,670.0
    Khentii,2009,639.0
    Khentii,2008,775.0
    Khentii,2007,973.0
    Khentii,2006,924.0
    Khentii,2005,785.0
    Khentii,2004,795.0
    Khentii,2003,713.0
    Khentii,2002,1053.0
    Khentii,2001,1375.0
    Khentii,2000,1130.0
    Khentii,1999,837.0
    Khentii,1998,986.0
    Khentii,1997,1149.0
    Khentii,1996,1170.0
    Khentii,1995,1004.0
    Khentii,1994,776.0
    Khentii,1993,669.0
    Khentii,1992,492.0
    Khentii,1991,316.0
    Khentii,1990,351.0
    Khentii,1989,305.0
 Govi region,2025,2292.0
 Govi region,2024,2086.0
 Govi region,2023,1787.0
 Govi region,2022,1561.0
 Govi region,2021,1323.0
 Govi region,2020,1120.0
 Govi region,2019,1430.0
 Govi region,2018,1388.0
 Govi region,2017,1503.0
 Govi region,2016,1502.0
 Govi region,2015,1410.0
 Govi region,2014,1450.0
 Govi region,2013,1443.0
 Govi region,2012,1301.0
 Govi region,2011,1194.0
 Govi region,2010,1198.0
 Govi region,2009,1294.0
 Govi region,2008,1360.0
 Govi region,2007,1562.0
 Govi region,2006,1280.0
 Govi region,2005,1081.0
 Govi region,2004,1290.0
 Govi region,2003,1422.0
 Govi region,2002,1649.0
 Govi region,2001,1663.0
 Govi region,2000,1698.0
 Govi region,1999,1491.0
 Govi region,1998,1609.0
 Govi region,1997,1680.0
 Govi region,1996,1654.0
 Govi region,1995,1661.0
 Govi region,1994,1502.0
 Govi region,1993,1548.0
 Govi region,1992,1058.0
 Govi region,1991,679.0
 Govi region,1990,595.0
 Govi region,1989,531.0
    Govisumber,2025,170.0
    Govisumber,2024,186.0
    Govisumber,2023,139.0
    Govisumber,2022,143.0
    Govisumber,2021,135.0
    Govisumber,2020,148.0
    Govisumber,2019,154.0
    Govisumber,2018,176.0
    Govisumber,2017,171.0
    Govisumber,2016,207.0
    Govisumber,2015,211.0
    Govisumber,2014,217.0
    Govisumber,2013,179.0
    Govisumber,2012,160.0
    Govisumber,2011,119.0
    Govisumber,2010,119.0
    Govisumber,2009,165.0
    Govisumber,2008,161.0
    Govisumber,2007,174.0
    Govisumber,2006,172.0
    Govisumber,2005,137.0
    Govisumber,2004,141.0
    Govisumber,2003,172.0
    Govisumber,2002,183.0
    Govisumber,2001,220.0
    Govisumber,2000,228.0
    Govisumber,1999,237.0
    Govisumber,1998,254.0
    Govisumber,1997,263.0
    Govisumber,1996,273.0
    Govisumber,1995,246.0
    Govisumber,1994,205.0
    Govisumber,1993,206.0
    Govisumber,1992,163.0
    Govisumber,1991,55.0
    Govisumber,1990,0.0
    Govisumber,1989,0.0
    Dornogovi,2025,772.0
    Dornogovi,2024,828.0
    Dornogovi,2023,677.0
    Dornogovi,2022,621.0
    Dornogovi,2021,490.0
    Dornogovi,2020,318.0
    Dornogovi,2019,550.0
    Dornogovi,2018,517.0
    Dornogovi,2017,654.0
    Dornogovi,2016,665.0
    Dornogovi,2015,561.0
    Dornogovi,2014,544.0
    Dornogovi,2013,559.0
    Dornogovi,2012,582.0
    Dornogovi,2011,546.0
    Dornogovi,2010,534.0
    Dornogovi,2009,579.0
    Dornogovi,2008,528.0
    Dornogovi,2007,570.0
    Dornogovi,2006,574.0
    Dornogovi,2005,496.0
    Dornogovi,2004,629.0
    Dornogovi,2003,649.0
    Dornogovi,2002,652.0
    Dornogovi,2001,701.0
    Dornogovi,2000,613.0
    Dornogovi,1999,580.0
    Dornogovi,1998,534.0
    Dornogovi,1997,692.0
    Dornogovi,1996,548.0
    Dornogovi,1995,587.0
    Dornogovi,1994,466.0
    Dornogovi,1993,465.0
    Dornogovi,1992,353.0
    Dornogovi,1991,199.0
    Dornogovi,1990,253.0
    Dornogovi,1989,211.0
    Dundgovi,2025,410.0
    Dundgovi,2024,282.0
    Dundgovi,2023,246.0
    Dundgovi,2022,247.0
    Dundgovi,2021,245.0
    Dundgovi,2020,196.0
    Dundgovi,2019,211.0
    Dundgovi,2018,266.0
    Dundgovi,2017,216.0
    Dundgovi,2016,221.0
    Dundgovi,2015,242.0
    Dundgovi,2014,260.0
    Dundgovi,2013,284.0
    Dundgovi,2012,201.0
    Dundgovi,2011,206.0
    Dundgovi,2010,231.0
    Dundgovi,2009,246.0
    Dundgovi,2008,259.0
    Dundgovi,2007,316.0
    Dundgovi,2006,238.0
    Dundgovi,2005,239.0
    Dundgovi,2004,247.0
    Dundgovi,2003,266.0
    Dundgovi,2002,312.0
    Dundgovi,2001,352.0
    Dundgovi,2000,354.0
    Dundgovi,1999,373.0
    Dundgovi,1998,516.0
    Dundgovi,1997,396.0
    Dundgovi,1996,466.0
    Dundgovi,1995,513.0
    Dundgovi,1994,481.0
    Dundgovi,1993,537.0
    Dundgovi,1992,362.0
    Dundgovi,1991,254.0
    Dundgovi,1990,197.0
    Dundgovi,1989,171.0
    Umnugovi,2025,940.0
    Umnugovi,2024,790.0
    Umnugovi,2023,725.0
    Umnugovi,2022,550.0
    Umnugovi,2021,453.0
    Umnugovi,2020,458.0
    Umnugovi,2019,515.0
    Umnugovi,2018,429.0
    Umnugovi,2017,462.0
    Umnugovi,2016,409.0
    Umnugovi,2015,396.0
    Umnugovi,2014,429.0
    Umnugovi,2013,421.0
    Umnugovi,2012,358.0
    Umnugovi,2011,323.0
    Umnugovi,2010,314.0
    Umnugovi,2009,304.0
    Umnugovi,2008,412.0
    Umnugovi,2007,502.0
    Umnugovi,2006,296.0
    Umnugovi,2005,209.0
    Umnugovi,2004,273.0
    Umnugovi,2003,335.0
    Umnugovi,2002,502.0
    Umnugovi,2001,390.0
    Umnugovi,2000,503.0
    Umnugovi,1999,301.0
    Umnugovi,1998,305.0
    Umnugovi,1997,329.0
    Umnugovi,1996,367.0
    Umnugovi,1995,315.0
    Umnugovi,1994,350.0
    Umnugovi,1993,340.0
    Umnugovi,1992,180.0
    Umnugovi,1991,171.0
    Umnugovi,1990,145.0
    Umnugovi,1989,149.0
 Ulaanbaatar,2025,33144.0
 Ulaanbaatar,2024,32123.0
 Ulaanbaatar,2023,24978.0
 Ulaanbaatar,2022,24310.0
 Ulaanbaatar,2021,16534.0
 Ulaanbaatar,2020,14633.0
 Ulaanbaatar,2019,20261.0
 Ulaanbaatar,2018,25652.0
 Ulaanbaatar,2017,21947.0
 Ulaanbaatar,2016,17909.0
 Ulaanbaatar,2015,17939.0
 Ulaanbaatar,2014,17205.0
 Ulaanbaatar,2013,15419.0
 Ulaanbaatar,2012,12910.0
 Ulaanbaatar,2011,10773.0
 Ulaanbaatar,2010,10863.0
 Ulaanbaatar,2009,11339.0
 Ulaanbaatar,2008,10901.0
 Ulaanbaatar,2007,10514.0
 Ulaanbaatar,2006,8540.0
 Ulaanbaatar,2005,8208.0
 Ulaanbaatar,2004,9180.0
 Ulaanbaatar,2003,9940.0
 Ulaanbaatar,2002,10718.0
 Ulaanbaatar,2001,10469.0
 Ulaanbaatar,2000,10360.0
 Ulaanbaatar,1999,11523.0
 Ulaanbaatar,1998,10712.0
 Ulaanbaatar,1997,11419.0
 Ulaanbaatar,1996,9917.0
 Ulaanbaatar,1995,9217.0
 Ulaanbaatar,1994,8567.0
 Ulaanbaatar,1993,7644.0
 Ulaanbaatar,1992,5441.0
 Ulaanbaatar,1991,4823.0
 Ulaanbaatar,1990,4150.0
 Ulaanbaatar,1989,3517.0
 Ulaan baatar,2025,33144.0
 Ulaan baatar,2024,32123.0
 Ulaan baatar,2023,24978.0
 Ulaan baatar,2022,24310.0
 Ulaan baatar,2021,16534.0
 Ulaan baatar,2020,14633.0
 Ulaan baatar,2019,20261.0
 Ulaan baatar,2018,25652.0
 Ulaan baatar,2017,21947.0
 Ulaan baatar,2016,17909.0
 Ulaan baatar,2015,17939.0
 Ulaan baatar,2014,17205.0
 Ulaan baatar,2013,15419.0
 Ulaan baatar,2012,12910.0
 Ulaan baatar,2011,10773.0
 Ulaan baatar,2010,10863.0
 Ulaan baatar,2009,11339.0
 Ulaan baatar,2008,10901.0
 Ulaan baatar,2007,10514.0
 Ulaan baatar,2006,8540.0
 Ulaan baatar,2005,8208.0
 Ulaan baatar,2004,9180.0
 Ulaan baatar,2003,9940.0
 Ulaan baatar,2002,10718.0
 Ulaan baatar,2001,10469.0
 Ulaan baatar,2000,10360.0
 Ulaan baatar,1999,11523.0
 Ulaan baatar,1998,10712.0
 Ulaan baatar,1997,11419.0
 Ulaan baatar,1996,9917.0
 Ulaan baatar,1995,9217.0
 Ulaan baatar,1994,8567.0
 Ulaan baatar,1993,7644.0
 Ulaan baatar,1992,5441.0
 Ulaan baatar,1991,4823.0
 Ulaan baatar,1990,4150.0
 Ulaan baatar,1989,3517.0
    Bayangol,2025,
    Bayangol,2024,
    Bayangol,2023,
    Bayangol,2022,
    Bayangol,2021,
    Bayangol,2020,
    Bayangol,2019,
    Bayangol,2018,
    Bayangol,2017,
    Bayangol,2016,
    Bayangol,2015,
    Bayangol,2014,
    Bayangol,2013,
    Bayangol,2012,
    Bayangol,2011,
    Bayangol,2010,
    Bayangol,2009,
    Bayangol,2008,
    Bayangol,2007,
    Bayangol,2006,
    Bayangol,2005,
    Bayangol,2004,
    Bayangol,2003,
    Bayangol,2002,
    Bayangol,2001,
    Bayangol,2000,
    Bayangol,1999,
    Bayangol,1998,
    Bayangol,1997,
    Bayangol,1996,
    Bayangol,1995,
    Bayangol,1994,
    Bayangol,1993,
    Bayangol,1992,
    Bayangol,1991,
    Bayangol,1990,
    Bayangol,1989,0.0
    Bayanzurkh,2025,
    Bayanzurkh,2024,
    Bayanzurkh,2023,
    Bayanzurkh,2022,
    Bayanzurkh,2021,
    Bayanzurkh,2020,
    Bayanzurkh,2019,
    Bayanzurkh,2018,
    Bayanzurkh,2017,
    Bayanzurkh,2016,
    Bayanzurkh,2015,
    Bayanzurkh,2014,
    Bayanzurkh,2013,
    Bayanzurkh,2012,
    Bayanzurkh,2011,
    Bayanzurkh,2010,
    Bayanzurkh,2009,
    Bayanzurkh,2008,
    Bayanzurkh,2007,
    Bayanzurkh,2006,
    Bayanzurkh,2005,
    Bayanzurkh,2004,
    Bayanzurkh,2003,
    Bayanzurkh,2002,
    Bayanzurkh,2001,
    Bayanzurkh,2000,
    Bayanzurkh,1999,
    Bayanzurkh,1998,
    Bayanzurkh,1997,
    Bayanzurkh,1996,
    Bayanzurkh,1995,
    Bayanzurkh,1994,
    Bayanzurkh,1993,
    Bayanzurkh,1992,
    Bayanzurkh,1991,
    Bayanzurkh,1990,
    Bayanzurkh,1989,
    Sukh baatar,2025,
    Sukh baatar,2024,
    Sukh baatar,2023,
    Sukh baatar,2022,
    Sukh baatar,2021,
    Sukh baatar,2020,
    Sukh baatar,2019,
    Sukh baatar,2018,
    Sukh baatar,2017,
    Sukh baatar,2016,
    Sukh baatar,2015,
    Sukh baatar,2014,
    Sukh baatar,2013,
    Sukh baatar,2012,
    Sukh baatar,2011,
    Sukh baatar,2010,
    Sukh baatar,2009,
    Sukh baatar,2008,
    Sukh baatar,2007,
    Sukh baatar,2006,
    Sukh baatar,2005,
    Sukh baatar,2004,
    Sukh baatar,2003,
    Sukh baatar,2002,
    Sukh baatar,2001,
    Sukh baatar,2000,
    Sukh baatar,1999,
    Sukh baatar,1998,
    Sukh baatar,1997,
    Sukh baatar,1996,
    Sukh baatar,1995,
    Sukh baatar,1994,
    Sukh baatar,1993,
    Sukh baatar,1992,
    Sukh baatar,1991,
    Sukh baatar,1990,
    Sukh baatar,1989,
    Songinokhairkhan,2025,
    Songinokhairkhan,2024,
    Songinokhairkhan,2023,
    Songinokhairkhan,2022,
    Songinokhairkhan,2021,
    Songinokhairkhan,2020,
    Songinokhairkhan,2019,
    Songinokhairkhan,2018,
    Songinokhairkhan,2017,
    Songinokhairkhan,2016,
    Songinokhairkhan,2015,
    Songinokhairkhan,2014,
    Songinokhairkhan,2013,
    Songinokhairkhan,2012,
    Songinokhairkhan,2011,
    Songinokhairkhan,2010,
    Songinokhairkhan,2009,
    Songinokhairkhan,2008,
    Songinokhairkhan,2007,
    Songinokhairkhan,2006,
    Songinokhairkhan,2005,
    Songinokhairkhan,2004,
    Songinokhairkhan,2003,
    Songinokhairkhan,2002,
    Songinokhairkhan,2001,
    Songinokhairkhan,2000,
    Songinokhairkhan,1999,
    Songinokhairkhan,1998,
    Songinokhairkhan,1997,
    Songinokhairkhan,1996,
    Songinokhairkhan,1995,
    Songinokhairkhan,1994,
    Songinokhairkhan,1993,
    Songinokhairkhan,1992,
    Songinokhairkhan,1991,
    Songinokhairkhan,1990,
    Songinokhairkhan,1989,
    KhanUul,2025,
    KhanUul,2024,
    KhanUul,2023,
    KhanUul,2022,
    KhanUul,2021,
    KhanUul,2020,
    KhanUul,2019,
    KhanUul,2018,
    KhanUul,2017,
    KhanUul,2016,
    KhanUul,2015,
    KhanUul,2014,
    KhanUul,2013,
    KhanUul,2012,
    KhanUul,2011,
    KhanUul,2010,
    KhanUul,2009,
    KhanUul,2008,
    KhanUul,2007,
    KhanUul,2006,
    KhanUul,2005,
    KhanUul,2004,
    KhanUul,2003,
    KhanUul,2002,
    KhanUul,2001,
    KhanUul,2000,
    KhanUul,1999,
    KhanUul,1998,
    KhanUul,1997,
    KhanUul,1996,
    KhanUul,1995,
    KhanUul,1994,
    KhanUul,1993,
    KhanUul,1992,
    KhanUul,1991,
    KhanUul,1990,
    KhanUul,1989,
    Chingeltei,2025,
    Chingeltei,2024,
    Chingeltei,2023,
    Chingeltei,2022,
    Chingeltei,2021,
    Chingeltei,2020,
    Chingeltei,2019,
    Chingeltei,2018,
    Chingeltei,2017,
    Chingeltei,2016,
    Chingeltei,2015,
    Chingeltei,2014,
    Chingeltei,2013,
    Chingeltei,2012,
    Chingeltei,2011,
    Chingeltei,2010,
    Chingeltei,2009,
    Chingeltei,2008,
    Chingeltei,2007,
    Chingeltei,2006,
    Chingeltei,2005,
    Chingeltei,2004,
    Chingeltei,2003,
    Chingeltei,2002,
    Chingeltei,2001,
    Chingeltei,2000,
    Chingeltei,1999,
    Chingeltei,1998,
    Chingeltei,1997,
    Chingeltei,1996,
    Chingeltei,1995,
    Chingeltei,1994,
    Chingeltei,1993,
    Chingeltei,1992,
    Chingeltei,1991,
    Chingeltei,1990,
    Chingeltei,1989,
    Baganuur,2025,
    Baganuur,2024,
    Baganuur,2023,
    Baganuur,2022,
    Baganuur,2021,
    Baganuur,2020,
    Baganuur,2019,
    Baganuur,2018,
    Baganuur,2017,
    Baganuur,2016,
    Baganuur,2015,
    Baganuur,2014,
    Baganuur,2013,
    Baganuur,2012,
    Baganuur,2011,
    Baganuur,2010,
    Baganuur,2009,
    Baganuur,2008,
    Baganuur,2007,
    Baganuur,2006,
    Baganuur,2005,
    Baganuur,2004,
    Baganuur,2003,
    Baganuur,2002,
    Baganuur,2001,
    Baganuur,2000,
    Baganuur,1999,
    Baganuur,1998,
    Baganuur,1997,
    Baganuur,1996,
    Baganuur,1995,
    Baganuur,1994,
    Baganuur,1993,
    Baganuur,1992,
    Baganuur,1991,
    Baganuur,1990,
    Baganuur,1989,
    Bagakhangai,2025,
    Bagakhangai,2024,
    Bagakhangai,2023,
    Bagakhangai,2022,
    Bagakhangai,2021,
    Bagakhangai,2020,
    Bagakhangai,2019,
    Bagakhangai,2018,
    Bagakhangai,2017,
    Bagakhangai,2016,
    Bagakhangai,2015,
    Bagakhangai,2014,
    Bagakhangai,2013,
    Bagakhangai,2012,
    Bagakhangai,2011,
    Bagakhangai,2010,
    Bagakhangai,2009,
    Bagakhangai,2008,
    Bagakhangai,2007,
    Bagakhangai,2006,
    Bagakhangai,2005,
    Bagakhangai,2004,
    Bagakhangai,2003,
    Bagakhangai,2002,
    Bagakhangai,2001,
    Bagakhangai,2000,
    Bagakhangai,1999,
    Bagakhangai,1998,
    Bagakhangai,1997,
    Bagakhangai,1996,
    Bagakhangai,1995,
    Bagakhangai,1994,
    Bagakhangai,1993,
    Bagakhangai,1992,
    Bagakhangai,1991,
    Bagakhangai,1990,
    Bagakhangai,1989,
    Nalaikh,2025,
    Nalaikh,2024,
    Nalaikh,2023,
    Nalaikh,2022,
    Nalaikh,2021,
    Nalaikh,2020,
    Nalaikh,2019,
    Nalaikh,2018,
    Nalaikh,2017,
    Nalaikh,2016,
    Nalaikh,2015,
    Nalaikh,2014,
    Nalaikh,2013,
    Nalaikh,2012,
    Nalaikh,2011,
    Nalaikh,2010,
    Nalaikh,2009,
    Nalaikh,2008,
    Nalaikh,2007,
    Nalaikh,2006,
    Nalaikh,2005,
    Nalaikh,2004,
    Nalaikh,2003,
    Nalaikh,2002,
    Nalaikh,2001,
    Nalaikh,2000,
    Nalaikh,1999,
    Nalaikh,1998,
    Nalaikh,1997,
    Nalaikh,1996,
    Nalaikh,1995,
    Nalaikh,1994,
    Nalaikh,1993,
    Nalaikh,1992,
    Nalaikh,1991,
    Nalaikh,1990,
    Nalaikh,1989,
 Other*,2025,9.0
 Other*,2024,10.0
 Other*,2023,20.0
 Other*,2022,11.0
 Other*,2021,15.0
 Other*,2020,11.0
 Other*,2019,59.0
 Other*,2018,64.0
 Other*,2017,39.0
 Other*,2016,36.0
 Other*,2015,39.0
 Other*,2014,20.0
 Other*,2013,203.0
 Other*,2012,152.0
 Other*,2011,184.0
 Other*,2010,301.0
 Other*,2009,208.0
 Other*,2008,247.0
 Other*,2007,344.0
 Other*,2006,325.0
 Other*,2005,381.0
 Other*,2004,293.0
 Other*,2003,297.0
 Other*,2002,334.0
 Other*,2001,554.0
 Other*,2000,609.0
 Other*,1999,0.0
 Other*,1998,0.0
 Other*,1997,629.0
 Other*,1996,576.0
 Other*,1995,544.0
 Other*,1994,0.0
 Other*,1993,0.0
 Other*,1992,0.0
 Other*,1991,0.0
 Other*,1990,0.0
 Other*,1989,0.0
