Бүс,Сар,value
Архангай,2016-01,35
Архангай,2016-02,39
Архангай,2016-03,48
Архангай,2016-04,46
Архангай,2016-05,42
Архангай,2016-06,33
Архангай,2016-07,40
Архангай,2016-08,44
Архангай,2016-09,39
Архангай,2016-10,49
Архангай,2016-11,33
Архангай,2016-12,40
Архангай,2017-01,33
Архангай,2017-02,21
Архангай,2017-03,43
Архангай,2017-04,32
Архангай,2017-05,35
Архангай,2017-06,44
Архангай,2017-07,41
Архангай,2017-08,40
Архангай,2017-09,51
Архангай,2017-10,43
Архангай,2017-11,30
Архангай,2017-12,36
Архангай,2018-01,41
Архангай,2018-02,46
Архангай,2018-03,50
Архангай,2018-04,43
Архангай,2018-05,43
Архангай,2018-06,44
Архангай,2018-07,45
Архангай,2018-08,50
Архангай,2018-09,35
Архангай,2018-10,43
Архангай,2018-11,40
Архангай,2018-12,36
Архангай,2019-01,42
Архангай,2019-02,52
Архангай,2019-03,44
Архангай,2019-04,43
Архангай,2019-05,40
Архангай,2019-06,47
Архангай,2019-07,59
Архангай,2019-08,48
Архангай,2019-09,39
Архангай,2019-10,48
Архангай,2019-11,43
Архангай,2019-12,37
Архангай,2020-01,47
Архангай,2020-02,35
Архангай,2020-03,34
Архангай,2020-04,35
Архангай,2020-05,42
Архангай,2020-06,38
Архангай,2020-07,48
Архангай,2020-08,32
Архангай,2020-09,48
Архангай,2020-10,48
Архангай,2020-11,39
Архангай,2020-12,34
Архангай,2021-01,30
Архангай,2021-02,31
Архангай,2021-03,45
Архангай,2021-04,30
Архангай,2021-05,25
Архангай,2021-06,38
Архангай,2021-07,37
Архангай,2021-08,72
Архангай,2021-09,70
Архангай,2021-10,52
Архангай,2021-11,43
Архангай,2021-12,40
Архангай,2022-01,38
Архангай,2022-02,47
Архангай,2022-03,42
Архангай,2022-04,36
Архангай,2022-05,49
Архангай,2022-06,28
Архангай,2022-07,50
Архангай,2022-08,47
Архангай,2022-09,34
Архангай,2022-10,28
Архангай,2022-11,48
Архангай,2022-12,41
Архангай,2023-01,41
Архангай,2023-02,53
Архангай,2023-03,49
Архангай,2023-04,31
Архангай,2023-05,46
Архангай,2023-06,38
Архангай,2023-07,49
Архангай,2023-08,51
Архангай,2023-09,51
Архангай,2023-10,33
Архангай,2023-11,37
Архангай,2023-12,42
Архангай,2024-01,44
Архангай,2024-02,42
Архангай,2024-03,36
Архангай,2024-04,37
Архангай,2024-05,42
Архангай,2024-06,28
Архангай,2024-07,47
Архангай,2024-08,44
Архангай,2024-09,45
Архангай,2024-10,53
Архангай,2024-11,43
Архангай,2024-12,37
Архангай,2025-01,39
Архангай,2025-02,42
Архангай,2025-03,41
Архангай,2025-04,46
Архангай,2025-05,48
Архангай,2025-06,47
Архангай,2025-07,38
Архангай,2025-08,43
Архангай,2025-09,50
Архангай,2025-10,38
Архангай,2025-11,47
Архангай,2025-12,42
Архангай,2026-01,46
Архангай,2026-02,45
Архангай,2026-03,64
Архангай,2026-04,36
Архангай,2026-05,36
Архангай,2026-06,40
Архангай,2026-07,48
Баруун бүс,2016-01,167
Баруун бүс,2016-02,159
Баруун бүс,2016-03,197
Баруун бүс,2016-04,183
Баруун бүс,2016-05,200
Баруун бүс,2016-06,184
Баруун бүс,2016-07,173
Баруун бүс,2016-08,164
Баруун бүс,2016-09,144
Баруун бүс,2016-10,142
Баруун бүс,2016-11,169
Баруун бүс,2016-12,168
Баруун бүс,2017-01,148
Баруун бүс,2017-02,169
Баруун бүс,2017-03,183
Баруун бүс,2017-04,144
Баруун бүс,2017-05,176
Баруун бүс,2017-06,155
Баруун бүс,2017-07,158
Баруун бүс,2017-08,168
Баруун бүс,2017-09,150
Баруун бүс,2017-10,175
Баруун бүс,2017-11,163
Баруун бүс,2017-12,175
Баруун бүс,2018-01,175
Баруун бүс,2018-02,172
Баруун бүс,2018-03,207
Баруун бүс,2018-04,166
Баруун бүс,2018-05,163
Баруун бүс,2018-06,162
Баруун бүс,2018-07,160
Баруун бүс,2018-08,166
Баруун бүс,2018-09,162
Баруун бүс,2018-10,173
Баруун бүс,2018-11,154
Баруун бүс,2018-12,194
Баруун бүс,2019-01,185
Баруун бүс,2019-02,172
Баруун бүс,2019-03,184
Баруун бүс,2019-04,190
Баруун бүс,2019-05,190
Баруун бүс,2019-06,137
Баруун бүс,2019-07,165
Баруун бүс,2019-08,172
Баруун бүс,2019-09,157
Баруун бүс,2019-10,159
Баруун бүс,2019-11,138
Баруун бүс,2019-12,190
Баруун бүс,2020-01,159
Баруун бүс,2020-02,164
Баруун бүс,2020-03,136
Баруун бүс,2020-04,171
Баруун бүс,2020-05,152
Баруун бүс,2020-06,167
Баруун бүс,2020-07,177
Баруун бүс,2020-08,168
Баруун бүс,2020-09,147
Баруун бүс,2020-10,152
Баруун бүс,2020-11,140
Баруун бүс,2020-12,150
Баруун бүс,2021-01,137
Баруун бүс,2021-02,150
Баруун бүс,2021-03,145
Баруун бүс,2021-04,146
Баруун бүс,2021-05,177
Баруун бүс,2021-06,152
Баруун бүс,2021-07,192
Баруун бүс,2021-08,197
Баруун бүс,2021-09,242
Баруун бүс,2021-10,215
Баруун бүс,2021-11,188
Баруун бүс,2021-12,197
Баруун бүс,2022-01,159
Баруун бүс,2022-02,147
Баруун бүс,2022-03,160
Баруун бүс,2022-04,172
Баруун бүс,2022-05,178
Баруун бүс,2022-06,150
Баруун бүс,2022-07,166
Баруун бүс,2022-08,183
Баруун бүс,2022-09,149
Баруун бүс,2022-10,164
Баруун бүс,2022-11,160
Баруун бүс,2022-12,160
Баруун бүс,2023-01,151
Баруун бүс,2023-02,174
Баруун бүс,2023-03,189
Баруун бүс,2023-04,150
Баруун бүс,2023-05,175
Баруун бүс,2023-06,145
Баруун бүс,2023-07,191
Баруун бүс,2023-08,173
Баруун бүс,2023-09,142
Баруун бүс,2023-10,152
Баруун бүс,2023-11,128
Баруун бүс,2023-12,169
Баруун бүс,2024-01,151
Баруун бүс,2024-02,163
Баруун бүс,2024-03,133
Баруун бүс,2024-04,144
Баруун бүс,2024-05,172
Баруун бүс,2024-06,181
Баруун бүс,2024-07,207
Баруун бүс,2024-08,157
Баруун бүс,2024-09,155
Баруун бүс,2024-10,151
Баруун бүс,2024-11,132
Баруун бүс,2024-12,158
Баруун бүс,2025-01,134
Баруун бүс,2025-02,157
Баруун бүс,2025-03,165
Баруун бүс,2025-04,148
Баруун бүс,2025-05,138
Баруун бүс,2025-06,138
Баруун бүс,2025-07,158
Баруун бүс,2025-08,144
Баруун бүс,2025-09,156
Баруун бүс,2025-10,147
Баруун бүс,2025-11,125
Баруун бүс,2025-12,163
Баруун бүс,2026-01,157
Баруун бүс,2026-02,130
Баруун бүс,2026-03,166
Баруун бүс,2026-04,140
Баруун бүс,2026-05,183
Баруун бүс,2026-06,151
Баруун бүс,2026-07,171
Баян-Өлгий,2016-01,37
Баян-Өлгий,2016-02,40
Баян-Өлгий,2016-03,50
Баян-Өлгий,2016-04,55
Баян-Өлгий,2016-05,51
Баян-Өлгий,2016-06,41
Баян-Өлгий,2016-07,44
Баян-Өлгий,2016-08,47
Баян-Өлгий,2016-09,31
Баян-Өлгий,2016-10,36
Баян-Өлгий,2016-11,41
Баян-Өлгий,2016-12,42
Баян-Өлгий,2017-01,49
Баян-Өлгий,2017-02,45
Баян-Өлгий,2017-03,45
Баян-Өлгий,2017-04,20
Баян-Өлгий,2017-05,35
Баян-Өлгий,2017-06,29
Баян-Өлгий,2017-07,32
Баян-Өлгий,2017-08,42
Баян-Өлгий,2017-09,35
Баян-Өлгий,2017-10,35
Баян-Өлгий,2017-11,39
Баян-Өлгий,2017-12,42
Баян-Өлгий,2018-01,41
Баян-Өлгий,2018-02,44
Баян-Өлгий,2018-03,63
Баян-Өлгий,2018-04,37
Баян-Өлгий,2018-05,39
Баян-Өлгий,2018-06,38
Баян-Өлгий,2018-07,36
Баян-Өлгий,2018-08,41
Баян-Өлгий,2018-09,34
Баян-Өлгий,2018-10,41
Баян-Өлгий,2018-11,40
Баян-Өлгий,2018-12,48
Баян-Өлгий,2019-01,55
Баян-Өлгий,2019-02,43
Баян-Өлгий,2019-03,56
Баян-Өлгий,2019-04,55
Баян-Өлгий,2019-05,51
Баян-Өлгий,2019-06,41
Баян-Өлгий,2019-07,47
Баян-Өлгий,2019-08,41
Баян-Өлгий,2019-09,36
Баян-Өлгий,2019-10,48
Баян-Өлгий,2019-11,37
Баян-Өлгий,2019-12,48
Баян-Өлгий,2020-01,46
Баян-Өлгий,2020-02,40
Баян-Өлгий,2020-03,30
Баян-Өлгий,2020-04,53
Баян-Өлгий,2020-05,44
Баян-Өлгий,2020-06,42
Баян-Өлгий,2020-07,40
Баян-Өлгий,2020-08,46
Баян-Өлгий,2020-09,23
Баян-Өлгий,2020-10,26
Баян-Өлгий,2020-11,38
Баян-Өлгий,2020-12,39
Баян-Өлгий,2021-01,31
Баян-Өлгий,2021-02,28
Баян-Өлгий,2021-03,34
Баян-Өлгий,2021-04,28
Баян-Өлгий,2021-05,39
Баян-Өлгий,2021-06,44
Баян-Өлгий,2021-07,38
Баян-Өлгий,2021-08,51
Баян-Өлгий,2021-09,61
Баян-Өлгий,2021-10,42
Баян-Өлгий,2021-11,54
Баян-Өлгий,2021-12,51
Баян-Өлгий,2022-01,41
Баян-Өлгий,2022-02,41
Баян-Өлгий,2022-03,38
Баян-Өлгий,2022-04,44
Баян-Өлгий,2022-05,50
Баян-Өлгий,2022-06,36
Баян-Өлгий,2022-07,42
Баян-Өлгий,2022-08,44
Баян-Өлгий,2022-09,38
Баян-Өлгий,2022-10,38
Баян-Өлгий,2022-11,35
Баян-Өлгий,2022-12,54
Баян-Өлгий,2023-01,37
Баян-Өлгий,2023-02,52
Баян-Өлгий,2023-03,51
Баян-Өлгий,2023-04,39
Баян-Өлгий,2023-05,50
Баян-Өлгий,2023-06,39
Баян-Өлгий,2023-07,50
Баян-Өлгий,2023-08,36
Баян-Өлгий,2023-09,39
Баян-Өлгий,2023-10,32
Баян-Өлгий,2023-11,36
Баян-Өлгий,2023-12,43
Баян-Өлгий,2024-01,38
Баян-Өлгий,2024-02,38
Баян-Өлгий,2024-03,34
Баян-Өлгий,2024-04,31
Баян-Өлгий,2024-05,54
Баян-Өлгий,2024-06,41
Баян-Өлгий,2024-07,46
Баян-Өлгий,2024-08,43
Баян-Өлгий,2024-09,43
Баян-Өлгий,2024-10,29
Баян-Өлгий,2024-11,46
Баян-Өлгий,2024-12,45
Баян-Өлгий,2025-01,38
Баян-Өлгий,2025-02,42
Баян-Өлгий,2025-03,32
Баян-Өлгий,2025-04,44
Баян-Өлгий,2025-05,37
Баян-Өлгий,2025-06,31
Баян-Өлгий,2025-07,43
Баян-Өлгий,2025-08,41
Баян-Өлгий,2025-09,36
Баян-Өлгий,2025-10,40
Баян-Өлгий,2025-11,26
Баян-Өлгий,2025-12,40
Баян-Өлгий,2026-01,31
Баян-Өлгий,2026-02,23
Баян-Өлгий,2026-03,41
Баян-Өлгий,2026-04,27
Баян-Өлгий,2026-05,41
Баян-Өлгий,2026-06,39
Баян-Өлгий,2026-07,57
Баянхонгор,2016-01,38
Баянхонгор,2016-02,57
Баянхонгор,2016-03,48
Баянхонгор,2016-04,44
Баянхонгор,2016-05,45
Баянхонгор,2016-06,42
Баянхонгор,2016-07,45
Баянхонгор,2016-08,45
Баянхонгор,2016-09,34
Баянхонгор,2016-10,29
Баянхонгор,2016-11,48
Баянхонгор,2016-12,43
Баянхонгор,2017-01,33
Баянхонгор,2017-02,33
Баянхонгор,2017-03,43
Баянхонгор,2017-04,42
Баянхонгор,2017-05,38
Баянхонгор,2017-06,36
Баянхонгор,2017-07,32
Баянхонгор,2017-08,39
Баянхонгор,2017-09,42
Баянхонгор,2017-10,40
Баянхонгор,2017-11,29
Баянхонгор,2017-12,36
Баянхонгор,2018-01,53
Баянхонгор,2018-02,49
Баянхонгор,2018-03,55
Баянхонгор,2018-04,35
Баянхонгор,2018-05,43
Баянхонгор,2018-06,42
Баянхонгор,2018-07,37
Баянхонгор,2018-08,32
Баянхонгор,2018-09,40
Баянхонгор,2018-10,37
Баянхонгор,2018-11,41
Баянхонгор,2018-12,41
Баянхонгор,2019-01,42
Баянхонгор,2019-02,32
Баянхонгор,2019-03,43
Баянхонгор,2019-04,30
Баянхонгор,2019-05,60
Баянхонгор,2019-06,35
Баянхонгор,2019-07,39
Баянхонгор,2019-08,52
Баянхонгор,2019-09,39
Баянхонгор,2019-10,46
Баянхонгор,2019-11,29
Баянхонгор,2019-12,36
Баянхонгор,2020-01,34
Баянхонгор,2020-02,39
Баянхонгор,2020-03,27
Баянхонгор,2020-04,34
Баянхонгор,2020-05,24
Баянхонгор,2020-06,31
Баянхонгор,2020-07,36
Баянхонгор,2020-08,46
Баянхонгор,2020-09,34
Баянхонгор,2020-10,35
Баянхонгор,2020-11,29
Баянхонгор,2020-12,30
Баянхонгор,2021-01,25
Баянхонгор,2021-02,34
Баянхонгор,2021-03,26
Баянхонгор,2021-04,40
Баянхонгор,2021-05,36
Баянхонгор,2021-06,44
Баянхонгор,2021-07,48
Баянхонгор,2021-08,52
Баянхонгор,2021-09,65
Баянхонгор,2021-10,57
Баянхонгор,2021-11,40
Баянхонгор,2021-12,39
Баянхонгор,2022-01,38
Баянхонгор,2022-02,31
Баянхонгор,2022-03,44
Баянхонгор,2022-04,44
Баянхонгор,2022-05,41
Баянхонгор,2022-06,37
Баянхонгор,2022-07,36
Баянхонгор,2022-08,43
Баянхонгор,2022-09,39
Баянхонгор,2022-10,34
Баянхонгор,2022-11,28
Баянхонгор,2022-12,31
Баянхонгор,2023-01,37
Баянхонгор,2023-02,40
Баянхонгор,2023-03,45
Баянхонгор,2023-04,41
Баянхонгор,2023-05,30
Баянхонгор,2023-06,34
Баянхонгор,2023-07,51
Баянхонгор,2023-08,34
Баянхонгор,2023-09,44
Баянхонгор,2023-10,37
Баянхонгор,2023-11,39
Баянхонгор,2023-12,44
Баянхонгор,2024-01,30
Баянхонгор,2024-02,36
Баянхонгор,2024-03,30
Баянхонгор,2024-04,34
Баянхонгор,2024-05,45
Баянхонгор,2024-06,39
Баянхонгор,2024-07,35
Баянхонгор,2024-08,44
Баянхонгор,2024-09,34
Баянхонгор,2024-10,43
Баянхонгор,2024-11,32
Баянхонгор,2024-12,56
Баянхонгор,2025-01,38
Баянхонгор,2025-02,24
Баянхонгор,2025-03,42
Баянхонгор,2025-04,28
Баянхонгор,2025-05,43
Баянхонгор,2025-06,30
Баянхонгор,2025-07,46
Баянхонгор,2025-08,41
Баянхонгор,2025-09,39
Баянхонгор,2025-10,36
Баянхонгор,2025-11,34
Баянхонгор,2025-12,36
Баянхонгор,2026-01,26
Баянхонгор,2026-02,31
Баянхонгор,2026-03,34
Баянхонгор,2026-04,29
Баянхонгор,2026-05,36
Баянхонгор,2026-06,31
Баянхонгор,2026-07,41
Булган,2016-01,27
Булган,2016-02,26
Булган,2016-03,29
Булган,2016-04,29
Булган,2016-05,18
Булган,2016-06,24
Булган,2016-07,29
Булган,2016-08,26
Булган,2016-09,36
Булган,2016-10,24
Булган,2016-11,30
Булган,2016-12,26
Булган,2017-01,24
Булган,2017-02,19
Булган,2017-03,28
Булган,2017-04,26
Булган,2017-05,29
Булган,2017-06,28
Булган,2017-07,40
Булган,2017-08,20
Булган,2017-09,34
Булган,2017-10,28
Булган,2017-11,35
Булган,2017-12,27
Булган,2018-01,30
Булган,2018-02,39
Булган,2018-03,24
Булган,2018-04,30
Булган,2018-05,23
Булган,2018-06,21
Булган,2018-07,30
Булган,2018-08,25
Булган,2018-09,20
Булган,2018-10,33
Булган,2018-11,19
Булган,2018-12,32
Булган,2019-01,30
Булган,2019-02,28
Булган,2019-03,27
Булган,2019-04,27
Булган,2019-05,17
Булган,2019-06,21
Булган,2019-07,30
Булган,2019-08,39
Булган,2019-09,15
Булган,2019-10,24
Булган,2019-11,26
Булган,2019-12,31
Булган,2020-01,25
Булган,2020-02,21
Булган,2020-03,26
Булган,2020-04,21
Булган,2020-05,30
Булган,2020-06,13
Булган,2020-07,26
Булган,2020-08,31
Булган,2020-09,24
Булган,2020-10,28
Булган,2020-11,20
Булган,2020-12,26
Булган,2021-01,27
Булган,2021-02,30
Булган,2021-03,19
Булган,2021-04,22
Булган,2021-05,25
Булган,2021-06,29
Булган,2021-07,21
Булган,2021-08,32
Булган,2021-09,31
Булган,2021-10,40
Булган,2021-11,39
Булган,2021-12,22
Булган,2022-01,20
Булган,2022-02,21
Булган,2022-03,25
Булган,2022-04,27
Булган,2022-05,25
Булган,2022-06,35
Булган,2022-07,34
Булган,2022-08,28
Булган,2022-09,25
Булган,2022-10,40
Булган,2022-11,27
Булган,2022-12,31
Булган,2023-01,36
Булган,2023-02,27
Булган,2023-03,32
Булган,2023-04,23
Булган,2023-05,40
Булган,2023-06,32
Булган,2023-07,35
Булган,2023-08,28
Булган,2023-09,22
Булган,2023-10,34
Булган,2023-11,22
Булган,2023-12,23
Булган,2024-01,30
Булган,2024-02,26
Булган,2024-03,23
Булган,2024-04,29
Булган,2024-05,19
Булган,2024-06,24
Булган,2024-07,31
Булган,2024-08,26
Булган,2024-09,29
Булган,2024-10,33
Булган,2024-11,29
Булган,2024-12,39
Булган,2025-01,28
Булган,2025-02,18
Булган,2025-03,39
Булган,2025-04,34
Булган,2025-05,31
Булган,2025-06,37
Булган,2025-07,41
Булган,2025-08,26
Булган,2025-09,27
Булган,2025-10,28
Булган,2025-11,31
Булган,2025-12,24
Булган,2026-01,23
Булган,2026-02,17
Булган,2026-03,22
Булган,2026-04,25
Булган,2026-05,36
Булган,2026-06,36
Булган,2026-07,35
Говь-Алтай,2016-01,25
Говь-Алтай,2016-02,24
Говь-Алтай,2016-03,32
Говь-Алтай,2016-04,28
Говь-Алтай,2016-05,34
Говь-Алтай,2016-06,22
Говь-Алтай,2016-07,29
Говь-Алтай,2016-08,33
Говь-Алтай,2016-09,19
Говь-Алтай,2016-10,17
Говь-Алтай,2016-11,25
Говь-Алтай,2016-12,21
Говь-Алтай,2017-01,22
Говь-Алтай,2017-02,17
Говь-Алтай,2017-03,20
Говь-Алтай,2017-04,23
Говь-Алтай,2017-05,23
Говь-Алтай,2017-06,22
Говь-Алтай,2017-07,25
Говь-Алтай,2017-08,27
Говь-Алтай,2017-09,20
Говь-Алтай,2017-10,31
Говь-Алтай,2017-11,30
Говь-Алтай,2017-12,32
Говь-Алтай,2018-01,25
Говь-Алтай,2018-02,25
Говь-Алтай,2018-03,34
Говь-Алтай,2018-04,26
Говь-Алтай,2018-05,20
Говь-Алтай,2018-06,21
Говь-Алтай,2018-07,24
Говь-Алтай,2018-08,25
Говь-Алтай,2018-09,21
Говь-Алтай,2018-10,21
Говь-Алтай,2018-11,35
Говь-Алтай,2018-12,34
Говь-Алтай,2019-01,29
Говь-Алтай,2019-02,25
Говь-Алтай,2019-03,27
Говь-Алтай,2019-04,28
Говь-Алтай,2019-05,32
Говь-Алтай,2019-06,19
Говь-Алтай,2019-07,24
Говь-Алтай,2019-08,22
Говь-Алтай,2019-09,26
Говь-Алтай,2019-10,21
Говь-Алтай,2019-11,20
Говь-Алтай,2019-12,30
Говь-Алтай,2020-01,19
Говь-Алтай,2020-02,29
Говь-Алтай,2020-03,26
Говь-Алтай,2020-04,18
Говь-Алтай,2020-05,18
Говь-Алтай,2020-06,29
Говь-Алтай,2020-07,33
Говь-Алтай,2020-08,26
Говь-Алтай,2020-09,22
Говь-Алтай,2020-10,14
Говь-Алтай,2020-11,23
Говь-Алтай,2020-12,25
Говь-Алтай,2021-01,21
Говь-Алтай,2021-02,28
Говь-Алтай,2021-03,22
Говь-Алтай,2021-04,21
Говь-Алтай,2021-05,31
Говь-Алтай,2021-06,18
Говь-Алтай,2021-07,39
Говь-Алтай,2021-08,19
Говь-Алтай,2021-09,37
Говь-Алтай,2021-10,30
Говь-Алтай,2021-11,23
Говь-Алтай,2021-12,30
Говь-Алтай,2022-01,30
Говь-Алтай,2022-02,20
Говь-Алтай,2022-03,27
Говь-Алтай,2022-04,31
Говь-Алтай,2022-05,31
Говь-Алтай,2022-06,26
Говь-Алтай,2022-07,19
Говь-Алтай,2022-08,28
Говь-Алтай,2022-09,14
Говь-Алтай,2022-10,31
Говь-Алтай,2022-11,17
Говь-Алтай,2022-12,21
Говь-Алтай,2023-01,24
Говь-Алтай,2023-02,19
Говь-Алтай,2023-03,30
Говь-Алтай,2023-04,18
Говь-Алтай,2023-05,19
Говь-Алтай,2023-06,19
Говь-Алтай,2023-07,33
Говь-Алтай,2023-08,24
Говь-Алтай,2023-09,18
Говь-Алтай,2023-10,18
Говь-Алтай,2023-11,13
Говь-Алтай,2023-12,32
Говь-Алтай,2024-01,32
Говь-Алтай,2024-02,31
Говь-Алтай,2024-03,16
Говь-Алтай,2024-04,19
Говь-Алтай,2024-05,28
Говь-Алтай,2024-06,23
Говь-Алтай,2024-07,33
Говь-Алтай,2024-08,30
Говь-Алтай,2024-09,26
Говь-Алтай,2024-10,23
Говь-Алтай,2024-11,15
Говь-Алтай,2024-12,19
Говь-Алтай,2025-01,18
Говь-Алтай,2025-02,23
Говь-Алтай,2025-03,21
Говь-Алтай,2025-04,17
Говь-Алтай,2025-05,25
Говь-Алтай,2025-06,25
Говь-Алтай,2025-07,23
Говь-Алтай,2025-08,18
Говь-Алтай,2025-09,16
Говь-Алтай,2025-10,17
Говь-Алтай,2025-11,22
Говь-Алтай,2025-12,25
Говь-Алтай,2026-01,22
Говь-Алтай,2026-02,22
Говь-Алтай,2026-03,21
Говь-Алтай,2026-04,12
Говь-Алтай,2026-05,32
Говь-Алтай,2026-06,24
Говь-Алтай,2026-07,21
Говьсүмбэр,2016-01,7
Говьсүмбэр,2016-02,6
Говьсүмбэр,2016-03,6
Говьсүмбэр,2016-04,7
Говьсүмбэр,2016-05,6
Говьсүмбэр,2016-06,8
Говьсүмбэр,2016-07,3
Говьсүмбэр,2016-08,8
Говьсүмбэр,2016-09,3
Говьсүмбэр,2016-10,6
Говьсүмбэр,2016-11,9
Говьсүмбэр,2016-12,4
Говьсүмбэр,2017-01,9
Говьсүмбэр,2017-02,7
Говьсүмбэр,2017-03,7
Говьсүмбэр,2017-04,5
Говьсүмбэр,2017-05,6
Говьсүмбэр,2017-06,8
Говьсүмбэр,2017-07,9
Говьсүмбэр,2017-08,6
Говьсүмбэр,2017-09,7
Говьсүмбэр,2017-10,6
Говьсүмбэр,2017-11,6
Говьсүмбэр,2017-12,15
Говьсүмбэр,2018-01,5
Говьсүмбэр,2018-02,4
Говьсүмбэр,2018-03,2
Говьсүмбэр,2018-04,4
Говьсүмбэр,2018-05,8
Говьсүмбэр,2018-06,4
Говьсүмбэр,2018-07,9
Говьсүмбэр,2018-08,2
Говьсүмбэр,2018-09,7
Говьсүмбэр,2018-10,9
Говьсүмбэр,2018-11,4
Говьсүмбэр,2018-12,6
Говьсүмбэр,2019-01,3
Говьсүмбэр,2019-02,3
Говьсүмбэр,2019-03,8
Говьсүмбэр,2019-04,3
Говьсүмбэр,2019-05,7
Говьсүмбэр,2019-06,2
Говьсүмбэр,2019-07,5
Говьсүмбэр,2019-08,5
Говьсүмбэр,2019-09,2
Говьсүмбэр,2019-10,13
Говьсүмбэр,2019-11,5
Говьсүмбэр,2019-12,2
Говьсүмбэр,2020-01,5
Говьсүмбэр,2020-02,5
Говьсүмбэр,2020-03,7
Говьсүмбэр,2020-04,6
Говьсүмбэр,2020-05,7
Говьсүмбэр,2020-06,6
Говьсүмбэр,2020-07,9
Говьсүмбэр,2020-08,6
Говьсүмбэр,2020-09,3
Говьсүмбэр,2020-10,11
Говьсүмбэр,2020-11,9
Говьсүмбэр,2020-12,2
Говьсүмбэр,2021-01,10
Говьсүмбэр,2021-02,4
Говьсүмбэр,2021-03,7
Говьсүмбэр,2021-04,6
Говьсүмбэр,2021-05,3
Говьсүмбэр,2021-06,6
Говьсүмбэр,2021-07,12
Говьсүмбэр,2021-08,5
Говьсүмбэр,2021-09,11
Говьсүмбэр,2021-10,7
Говьсүмбэр,2021-11,15
Говьсүмбэр,2021-12,11
Говьсүмбэр,2022-01,6
Говьсүмбэр,2022-02,11
Говьсүмбэр,2022-03,10
Говьсүмбэр,2022-04,4
Говьсүмбэр,2022-05,5
Говьсүмбэр,2022-06,6
Говьсүмбэр,2022-07,10
Говьсүмбэр,2022-08,5
Говьсүмбэр,2022-09,10
Говьсүмбэр,2022-10,8
Говьсүмбэр,2022-11,4
Говьсүмбэр,2022-12,5
Говьсүмбэр,2023-01,5
Говьсүмбэр,2023-02,6
Говьсүмбэр,2023-03,5
Говьсүмбэр,2023-04,5
Говьсүмбэр,2023-05,11
Говьсүмбэр,2023-06,11
Говьсүмбэр,2023-07,4
Говьсүмбэр,2023-08,7
Говьсүмбэр,2023-09,5
Говьсүмбэр,2023-10,3
Говьсүмбэр,2023-11,12
Говьсүмбэр,2023-12,5
Говьсүмбэр,2024-01,11
Говьсүмбэр,2024-02,7
Говьсүмбэр,2024-03,10
Говьсүмбэр,2024-04,12
Говьсүмбэр,2024-05,6
Говьсүмбэр,2024-06,13
Говьсүмбэр,2024-07,5
Говьсүмбэр,2024-08,8
Говьсүмбэр,2024-09,6
Говьсүмбэр,2024-10,12
Говьсүмбэр,2024-11,1
Говьсүмбэр,2024-12,3
Говьсүмбэр,2025-01,7
Говьсүмбэр,2025-02,5
Говьсүмбэр,2025-03,5
Говьсүмбэр,2025-04,13
Говьсүмбэр,2025-05,11
Говьсүмбэр,2025-06,6
Говьсүмбэр,2025-07,7
Говьсүмбэр,2025-08,4
Говьсүмбэр,2025-09,13
Говьсүмбэр,2025-10,10
Говьсүмбэр,2025-11,7
Говьсүмбэр,2025-12,9
Говьсүмбэр,2026-01,3
Говьсүмбэр,2026-02,8
Говьсүмбэр,2026-03,9
Говьсүмбэр,2026-04,6
Говьсүмбэр,2026-05,13
Говьсүмбэр,2026-06,12
Говьсүмбэр,2026-07,7
Дархан-Уул,2016-01,40
Дархан-Уул,2016-02,42
Дархан-Уул,2016-03,39
Дархан-Уул,2016-04,60
Дархан-Уул,2016-05,42
Дархан-Уул,2016-06,41
Дархан-Уул,2016-07,47
Дархан-Уул,2016-08,47
Дархан-Уул,2016-09,52
Дархан-Уул,2016-10,45
Дархан-Уул,2016-11,54
Дархан-Уул,2016-12,41
Дархан-Уул,2017-01,46
Дархан-Уул,2017-02,32
Дархан-Уул,2017-03,58
Дархан-Уул,2017-04,38
Дархан-Уул,2017-05,43
Дархан-Уул,2017-06,46
Дархан-Уул,2017-07,48
Дархан-Уул,2017-08,47
Дархан-Уул,2017-09,56
Дархан-Уул,2017-10,47
Дархан-Уул,2017-11,51
Дархан-Уул,2017-12,33
Дархан-Уул,2018-01,57
Дархан-Уул,2018-02,45
Дархан-Уул,2018-03,38
Дархан-Уул,2018-04,57
Дархан-Уул,2018-05,49
Дархан-Уул,2018-06,50
Дархан-Уул,2018-07,50
Дархан-Уул,2018-08,44
Дархан-Уул,2018-09,50
Дархан-Уул,2018-10,45
Дархан-Уул,2018-11,41
Дархан-Уул,2018-12,46
Дархан-Уул,2019-01,48
Дархан-Уул,2019-02,46
Дархан-Уул,2019-03,56
Дархан-Уул,2019-04,40
Дархан-Уул,2019-05,36
Дархан-Уул,2019-06,42
Дархан-Уул,2019-07,42
Дархан-Уул,2019-08,38
Дархан-Уул,2019-09,42
Дархан-Уул,2019-10,48
Дархан-Уул,2019-11,41
Дархан-Уул,2019-12,45
Дархан-Уул,2020-01,30
Дархан-Уул,2020-02,39
Дархан-Уул,2020-03,45
Дархан-Уул,2020-04,36
Дархан-Уул,2020-05,30
Дархан-Уул,2020-06,33
Дархан-Уул,2020-07,37
Дархан-Уул,2020-08,36
Дархан-Уул,2020-09,35
Дархан-Уул,2020-10,35
Дархан-Уул,2020-11,31
Дархан-Уул,2020-12,37
Дархан-Уул,2021-01,37
Дархан-Уул,2021-02,42
Дархан-Уул,2021-03,41
Дархан-Уул,2021-04,35
Дархан-Уул,2021-05,34
Дархан-Уул,2021-06,30
Дархан-Уул,2021-07,42
Дархан-Уул,2021-08,38
Дархан-Уул,2021-09,49
Дархан-Уул,2021-10,65
Дархан-Уул,2021-11,75
Дархан-Уул,2021-12,49
Дархан-Уул,2022-01,46
Дархан-Уул,2022-02,44
Дархан-Уул,2022-03,55
Дархан-Уул,2022-04,36
Дархан-Уул,2022-05,33
Дархан-Уул,2022-06,41
Дархан-Уул,2022-07,48
Дархан-Уул,2022-08,49
Дархан-Уул,2022-09,39
Дархан-Уул,2022-10,37
Дархан-Уул,2022-11,46
Дархан-Уул,2022-12,43
Дархан-Уул,2023-01,44
Дархан-Уул,2023-02,42
Дархан-Уул,2023-03,40
Дархан-Уул,2023-04,39
Дархан-Уул,2023-05,49
Дархан-Уул,2023-06,45
Дархан-Уул,2023-07,36
Дархан-Уул,2023-08,38
Дархан-Уул,2023-09,30
Дархан-Уул,2023-10,47
Дархан-Уул,2023-11,47
Дархан-Уул,2023-12,34
Дархан-Уул,2024-01,47
Дархан-Уул,2024-02,37
Дархан-Уул,2024-03,34
Дархан-Уул,2024-04,37
Дархан-Уул,2024-05,47
Дархан-Уул,2024-06,43
Дархан-Уул,2024-07,35
Дархан-Уул,2024-08,37
Дархан-Уул,2024-09,56
Дархан-Уул,2024-10,47
Дархан-Уул,2024-11,44
Дархан-Уул,2024-12,51
Дархан-Уул,2025-01,41
Дархан-Уул,2025-02,36
Дархан-Уул,2025-03,48
Дархан-Уул,2025-04,47
Дархан-Уул,2025-05,53
Дархан-Уул,2025-06,44
Дархан-Уул,2025-07,38
Дархан-Уул,2025-08,45
Дархан-Уул,2025-09,34
Дархан-Уул,2025-10,35
Дархан-Уул,2025-11,34
Дархан-Уул,2025-12,81
Дархан-Уул,2026-01,44
Дархан-Уул,2026-02,39
Дархан-Уул,2026-03,44
Дархан-Уул,2026-04,41
Дархан-Уул,2026-05,47
Дархан-Уул,2026-06,37
Дархан-Уул,2026-07,48
Дорноговь,2016-01,28
Дорноговь,2016-02,34
Дорноговь,2016-03,19
Дорноговь,2016-04,25
Дорноговь,2016-05,38
Дорноговь,2016-06,35
Дорноговь,2016-07,39
Дорноговь,2016-08,25
Дорноговь,2016-09,20
Дорноговь,2016-10,41
Дорноговь,2016-11,35
Дорноговь,2016-12,42
Дорноговь,2017-01,24
Дорноговь,2017-02,25
Дорноговь,2017-03,34
Дорноговь,2017-04,32
Дорноговь,2017-05,32
Дорноговь,2017-06,38
Дорноговь,2017-07,25
Дорноговь,2017-08,22
Дорноговь,2017-09,22
Дорноговь,2017-10,35
Дорноговь,2017-11,26
Дорноговь,2017-12,25
Дорноговь,2018-01,24
Дорноговь,2018-02,33
Дорноговь,2018-03,33
Дорноговь,2018-04,38
Дорноговь,2018-05,32
Дорноговь,2018-06,31
Дорноговь,2018-07,43
Дорноговь,2018-08,30
Дорноговь,2018-09,34
Дорноговь,2018-10,32
Дорноговь,2018-11,37
Дорноговь,2018-12,35
Дорноговь,2019-01,41
Дорноговь,2019-02,29
Дорноговь,2019-03,33
Дорноговь,2019-04,34
Дорноговь,2019-05,30
Дорноговь,2019-06,21
Дорноговь,2019-07,34
Дорноговь,2019-08,32
Дорноговь,2019-09,36
Дорноговь,2019-10,38
Дорноговь,2019-11,39
Дорноговь,2019-12,32
Дорноговь,2020-01,35
Дорноговь,2020-02,32
Дорноговь,2020-03,22
Дорноговь,2020-04,25
Дорноговь,2020-05,23
Дорноговь,2020-06,28
Дорноговь,2020-07,29
Дорноговь,2020-08,29
Дорноговь,2020-09,33
Дорноговь,2020-10,27
Дорноговь,2020-11,28
Дорноговь,2020-12,22
Дорноговь,2021-01,26
Дорноговь,2021-02,37
Дорноговь,2021-03,32
Дорноговь,2021-04,20
Дорноговь,2021-05,27
Дорноговь,2021-06,27
Дорноговь,2021-07,28
Дорноговь,2021-08,25
Дорноговь,2021-09,26
Дорноговь,2021-10,77
Дорноговь,2021-11,49
Дорноговь,2021-12,25
Дорноговь,2022-01,31
Дорноговь,2022-02,46
Дорноговь,2022-03,29
Дорноговь,2022-04,35
Дорноговь,2022-05,36
Дорноговь,2022-06,30
Дорноговь,2022-07,30
Дорноговь,2022-08,30
Дорноговь,2022-09,26
Дорноговь,2022-10,32
Дорноговь,2022-11,30
Дорноговь,2022-12,32
Дорноговь,2023-01,30
Дорноговь,2023-02,27
Дорноговь,2023-03,35
Дорноговь,2023-04,36
Дорноговь,2023-05,39
Дорноговь,2023-06,21
Дорноговь,2023-07,36
Дорноговь,2023-08,38
Дорноговь,2023-09,30
Дорноговь,2023-10,26
Дорноговь,2023-11,29
Дорноговь,2023-12,32
Дорноговь,2024-01,23
Дорноговь,2024-02,29
Дорноговь,2024-03,31
Дорноговь,2024-04,29
Дорноговь,2024-05,38
Дорноговь,2024-06,29
Дорноговь,2024-07,33
Дорноговь,2024-08,31
Дорноговь,2024-09,42
Дорноговь,2024-10,40
Дорноговь,2024-11,41
Дорноговь,2024-12,32
Дорноговь,2025-01,25
Дорноговь,2025-02,22
Дорноговь,2025-03,42
Дорноговь,2025-04,32
Дорноговь,2025-05,41
Дорноговь,2025-06,47
Дорноговь,2025-07,40
Дорноговь,2025-08,36
Дорноговь,2025-09,36
Дорноговь,2025-10,39
Дорноговь,2025-11,43
Дорноговь,2025-12,38
Дорноговь,2026-01,29
Дорноговь,2026-02,27
Дорноговь,2026-03,40
Дорноговь,2026-04,45
Дорноговь,2026-05,41
Дорноговь,2026-06,28
Дорноговь,2026-07,29
Дорнод,2016-01,37
Дорнод,2016-02,41
Дорнод,2016-03,43
Дорнод,2016-04,42
Дорнод,2016-05,56
Дорнод,2016-06,50
Дорнод,2016-07,36
Дорнод,2016-08,47
Дорнод,2016-09,39
Дорнод,2016-10,38
Дорнод,2016-11,49
Дорнод,2016-12,39
Дорнод,2017-01,35
Дорнод,2017-02,30
Дорнод,2017-03,33
Дорнод,2017-04,28
Дорнод,2017-05,33
Дорнод,2017-06,41
Дорнод,2017-07,44
Дорнод,2017-08,37
Дорнод,2017-09,41
Дорнод,2017-10,37
Дорнод,2017-11,28
Дорнод,2017-12,43
Дорнод,2018-01,46
Дорнод,2018-02,40
Дорнод,2018-03,39
Дорнод,2018-04,28
Дорнод,2018-05,28
Дорнод,2018-06,31
Дорнод,2018-07,46
Дорнод,2018-08,43
Дорнод,2018-09,30
Дорнод,2018-10,32
Дорнод,2018-11,37
Дорнод,2018-12,36
Дорнод,2019-01,32
Дорнод,2019-02,33
Дорнод,2019-03,40
Дорнод,2019-04,35
Дорнод,2019-05,35
Дорнод,2019-06,30
Дорнод,2019-07,55
Дорнод,2019-08,32
Дорнод,2019-09,30
Дорнод,2019-10,33
Дорнод,2019-11,35
Дорнод,2019-12,45
Дорнод,2020-01,31
Дорнод,2020-02,30
Дорнод,2020-03,30
Дорнод,2020-04,32
Дорнод,2020-05,31
Дорнод,2020-06,42
Дорнод,2020-07,38
Дорнод,2020-08,34
Дорнод,2020-09,29
Дорнод,2020-10,37
Дорнод,2020-11,36
Дорнод,2020-12,34
Дорнод,2021-01,39
Дорнод,2021-02,36
Дорнод,2021-03,30
Дорнод,2021-04,23
Дорнод,2021-05,31
Дорнод,2021-06,29
Дорнод,2021-07,42
Дорнод,2021-08,33
Дорнод,2021-09,90
Дорнод,2021-10,78
Дорнод,2021-11,42
Дорнод,2021-12,26
Дорнод,2022-01,33
Дорнод,2022-02,36
Дорнод,2022-03,22
Дорнод,2022-04,23
Дорнод,2022-05,22
Дорнод,2022-06,32
Дорнод,2022-07,36
Дорнод,2022-08,45
Дорнод,2022-09,30
Дорнод,2022-10,42
Дорнод,2022-11,36
Дорнод,2022-12,42
Дорнод,2023-01,30
Дорнод,2023-02,21
Дорнод,2023-03,37
Дорнод,2023-04,21
Дорнод,2023-05,26
Дорнод,2023-06,30
Дорнод,2023-07,29
Дорнод,2023-08,28
Дорнод,2023-09,41
Дорнод,2023-10,36
Дорнод,2023-11,39
Дорнод,2023-12,34
Дорнод,2024-01,34
Дорнод,2024-02,37
Дорнод,2024-03,28
Дорнод,2024-04,25
Дорнод,2024-05,48
Дорнод,2024-06,32
Дорнод,2024-07,35
Дорнод,2024-08,22
Дорнод,2024-09,36
Дорнод,2024-10,24
Дорнод,2024-11,61
Дорнод,2024-12,43
Дорнод,2025-01,29
Дорнод,2025-02,30
Дорнод,2025-03,40
Дорнод,2025-04,29
Дорнод,2025-05,31
Дорнод,2025-06,32
Дорнод,2025-07,38
Дорнод,2025-08,29
Дорнод,2025-09,47
Дорнод,2025-10,39
Дорнод,2025-11,80
Дорнод,2025-12,42
Дорнод,2026-01,30
Дорнод,2026-02,36
Дорнод,2026-03,33
Дорнод,2026-04,36
Дорнод,2026-05,23
Дорнод,2026-06,27
Дорнод,2026-07,29
Дундговь,2016-01,26
Дундговь,2016-02,26
Дундговь,2016-03,25
Дундговь,2016-04,26
Дундговь,2016-05,25
Дундговь,2016-06,19
Дундговь,2016-07,18
Дундговь,2016-08,22
Дундговь,2016-09,20
Дундговь,2016-10,22
Дундговь,2016-11,20
Дундговь,2016-12,18
Дундговь,2017-01,17
Дундговь,2017-02,22
Дундговь,2017-03,24
Дундговь,2017-04,22
Дундговь,2017-05,15
Дундговь,2017-06,14
Дундговь,2017-07,21
Дундговь,2017-08,21
Дундговь,2017-09,17
Дундговь,2017-10,16
Дундговь,2017-11,20
Дундговь,2017-12,22
Дундговь,2018-01,16
Дундговь,2018-02,26
Дундговь,2018-03,26
Дундговь,2018-04,25
Дундговь,2018-05,25
Дундговь,2018-06,17
Дундговь,2018-07,25
Дундговь,2018-08,21
Дундговь,2018-09,29
Дундговь,2018-10,18
Дундговь,2018-11,18
Дундговь,2018-12,18
Дундговь,2019-01,20
Дундговь,2019-02,16
Дундговь,2019-03,24
Дундговь,2019-04,25
Дундговь,2019-05,18
Дундговь,2019-06,18
Дундговь,2019-07,17
Дундговь,2019-08,21
Дундговь,2019-09,38
Дундговь,2019-10,12
Дундговь,2019-11,25
Дундговь,2019-12,22
Дундговь,2020-01,16
Дундговь,2020-02,19
Дундговь,2020-03,21
Дундговь,2020-04,21
Дундговь,2020-05,18
Дундговь,2020-06,22
Дундговь,2020-07,19
Дундговь,2020-08,22
Дундговь,2020-09,24
Дундговь,2020-10,20
Дундговь,2020-11,18
Дундговь,2020-12,13
Дундговь,2021-01,14
Дундговь,2021-02,17
Дундговь,2021-03,28
Дундговь,2021-04,22
Дундговь,2021-05,9
Дундговь,2021-06,18
Дундговь,2021-07,32
Дундговь,2021-08,30
Дундговь,2021-09,20
Дундговь,2021-10,36
Дундговь,2021-11,27
Дундговь,2021-12,17
Дундговь,2022-01,22
Дундговь,2022-02,18
Дундговь,2022-03,21
Дундговь,2022-04,19
Дундговь,2022-05,14
Дундговь,2022-06,24
Дундговь,2022-07,15
Дундговь,2022-08,26
Дундговь,2022-09,27
Дундговь,2022-10,19
Дундговь,2022-11,11
Дундговь,2022-12,21
Дундговь,2023-01,12
Дундговь,2023-02,13
Дундговь,2023-03,22
Дундговь,2023-04,20
Дундговь,2023-05,19
Дундговь,2023-06,18
Дундговь,2023-07,25
Дундговь,2023-08,22
Дундговь,2023-09,18
Дундговь,2023-10,17
Дундговь,2023-11,18
Дундговь,2023-12,20
Дундговь,2024-01,19
Дундговь,2024-02,26
Дундговь,2024-03,12
Дундговь,2024-04,21
Дундговь,2024-05,9
Дундговь,2024-06,15
Дундговь,2024-07,31
Дундговь,2024-08,16
Дундговь,2024-09,13
Дундговь,2024-10,25
Дундговь,2024-11,19
Дундговь,2024-12,20
Дундговь,2025-01,17
Дундговь,2025-02,17
Дундговь,2025-03,30
Дундговь,2025-04,26
Дундговь,2025-05,10
Дундговь,2025-06,25
Дундговь,2025-07,21
Дундговь,2025-08,16
Дундговь,2025-09,26
Дундговь,2025-10,19
Дундговь,2025-11,22
Дундговь,2025-12,12
Дундговь,2026-01,15
Дундговь,2026-02,19
Дундговь,2026-03,20
Дундговь,2026-04,31
Дундговь,2026-05,22
Дундговь,2026-06,16
Дундговь,2026-07,20
Завхан,2016-01,30
Завхан,2016-02,31
Завхан,2016-03,38
Завхан,2016-04,32
Завхан,2016-05,36
Завхан,2016-06,38
Завхан,2016-07,27
Завхан,2016-08,27
Завхан,2016-09,24
Завхан,2016-10,36
Завхан,2016-11,39
Завхан,2016-12,28
Завхан,2017-01,17
Завхан,2017-02,38
Завхан,2017-03,45
Завхан,2017-04,34
Завхан,2017-05,35
Завхан,2017-06,33
Завхан,2017-07,29
Завхан,2017-08,28
Завхан,2017-09,30
Завхан,2017-10,28
Завхан,2017-11,20
Завхан,2017-12,32
Завхан,2018-01,32
Завхан,2018-02,33
Завхан,2018-03,30
Завхан,2018-04,28
Завхан,2018-05,27
Завхан,2018-06,26
Завхан,2018-07,30
Завхан,2018-08,27
Завхан,2018-09,39
Завхан,2018-10,28
Завхан,2018-11,37
Завхан,2018-12,32
Завхан,2019-01,32
Завхан,2019-02,23
Завхан,2019-03,34
Завхан,2019-04,37
Завхан,2019-05,42
Завхан,2019-06,28
Завхан,2019-07,33
Завхан,2019-08,38
Завхан,2019-09,25
Завхан,2019-10,30
Завхан,2019-11,26
Завхан,2019-12,31
Завхан,2020-01,28
Завхан,2020-02,27
Завхан,2020-03,27
Завхан,2020-04,27
Завхан,2020-05,30
Завхан,2020-06,23
Завхан,2020-07,44
Завхан,2020-08,32
Завхан,2020-09,28
Завхан,2020-10,33
Завхан,2020-11,26
Завхан,2020-12,24
Завхан,2021-01,38
Завхан,2021-02,24
Завхан,2021-03,28
Завхан,2021-04,38
Завхан,2021-05,32
Завхан,2021-06,35
Завхан,2021-07,35
Завхан,2021-08,45
Завхан,2021-09,37
Завхан,2021-10,44
Завхан,2021-11,39
Завхан,2021-12,27
Завхан,2022-01,34
Завхан,2022-02,31
Завхан,2022-03,22
Завхан,2022-04,30
Завхан,2022-05,29
Завхан,2022-06,28
Завхан,2022-07,28
Завхан,2022-08,37
Завхан,2022-09,30
Завхан,2022-10,22
Завхан,2022-11,33
Завхан,2022-12,27
Завхан,2023-01,29
Завхан,2023-02,33
Завхан,2023-03,38
Завхан,2023-04,33
Завхан,2023-05,31
Завхан,2023-06,31
Завхан,2023-07,32
Завхан,2023-08,34
Завхан,2023-09,21
Завхан,2023-10,37
Завхан,2023-11,23
Завхан,2023-12,18
Завхан,2024-01,29
Завхан,2024-02,29
Завхан,2024-03,23
Завхан,2024-04,33
Завхан,2024-05,26
Завхан,2024-06,30
Завхан,2024-07,41
Завхан,2024-08,29
Завхан,2024-09,26
Завхан,2024-10,32
Завхан,2024-11,27
Завхан,2024-12,27
Завхан,2025-01,25
Завхан,2025-02,32
Завхан,2025-03,37
Завхан,2025-04,25
Завхан,2025-05,22
Завхан,2025-06,21
Завхан,2025-07,22
Завхан,2025-08,26
Завхан,2025-09,36
Завхан,2025-10,21
Завхан,2025-11,17
Завхан,2025-12,36
Завхан,2026-01,34
Завхан,2026-02,27
Завхан,2026-03,40
Завхан,2026-04,24
Завхан,2026-05,32
Завхан,2026-06,28
Завхан,2026-07,25
Зүүн бүс,2016-01,91
Зүүн бүс,2016-02,101
Зүүн бүс,2016-03,115
Зүүн бүс,2016-04,99
Зүүн бүс,2016-05,112
Зүүн бүс,2016-06,106
Зүүн бүс,2016-07,100
Зүүн бүс,2016-08,105
Зүүн бүс,2016-09,93
Зүүн бүс,2016-10,98
Зүүн бүс,2016-11,101
Зүүн бүс,2016-12,90
Зүүн бүс,2017-01,90
Зүүн бүс,2017-02,75
Зүүн бүс,2017-03,86
Зүүн бүс,2017-04,88
Зүүн бүс,2017-05,93
Зүүн бүс,2017-06,97
Зүүн бүс,2017-07,97
Зүүн бүс,2017-08,97
Зүүн бүс,2017-09,105
Зүүн бүс,2017-10,83
Зүүн бүс,2017-11,81
Зүүн бүс,2017-12,105
Зүүн бүс,2018-01,100
Зүүн бүс,2018-02,94
Зүүн бүс,2018-03,101
Зүүн бүс,2018-04,93
Зүүн бүс,2018-05,77
Зүүн бүс,2018-06,105
Зүүн бүс,2018-07,117
Зүүн бүс,2018-08,98
Зүүн бүс,2018-09,94
Зүүн бүс,2018-10,95
Зүүн бүс,2018-11,80
Зүүн бүс,2018-12,99
Зүүн бүс,2019-01,99
Зүүн бүс,2019-02,104
Зүүн бүс,2019-03,82
Зүүн бүс,2019-04,95
Зүүн бүс,2019-05,115
Зүүн бүс,2019-06,80
Зүүн бүс,2019-07,111
Зүүн бүс,2019-08,99
Зүүн бүс,2019-09,85
Зүүн бүс,2019-10,95
Зүүн бүс,2019-11,85
Зүүн бүс,2019-12,106
Зүүн бүс,2020-01,93
Зүүн бүс,2020-02,82
Зүүн бүс,2020-03,91
Зүүн бүс,2020-04,92
Зүүн бүс,2020-05,81
Зүүн бүс,2020-06,101
Зүүн бүс,2020-07,107
Зүүн бүс,2020-08,101
Зүүн бүс,2020-09,77
Зүүн бүс,2020-10,94
Зүүн бүс,2020-11,86
Зүүн бүс,2020-12,83
Зүүн бүс,2021-01,98
Зүүн бүс,2021-02,88
Зүүн бүс,2021-03,103
Зүүн бүс,2021-04,74
Зүүн бүс,2021-05,84
Зүүн бүс,2021-06,90
Зүүн бүс,2021-07,106
Зүүн бүс,2021-08,90
Зүүн бүс,2021-09,165
Зүүн бүс,2021-10,164
Зүүн бүс,2021-11,114
Зүүн бүс,2021-12,99
Зүүн бүс,2022-01,91
Зүүн бүс,2022-02,101
Зүүн бүс,2022-03,74
Зүүн бүс,2022-04,82
Зүүн бүс,2022-05,76
Зүүн бүс,2022-06,81
Зүүн бүс,2022-07,92
Зүүн бүс,2022-08,105
Зүүн бүс,2022-09,78
Зүүн бүс,2022-10,84
Зүүн бүс,2022-11,83
Зүүн бүс,2022-12,97
Зүүн бүс,2023-01,92
Зүүн бүс,2023-02,83
Зүүн бүс,2023-03,87
Зүүн бүс,2023-04,75
Зүүн бүс,2023-05,78
Зүүн бүс,2023-06,78
Зүүн бүс,2023-07,78
Зүүн бүс,2023-08,77
Зүүн бүс,2023-09,96
Зүүн бүс,2023-10,91
Зүүн бүс,2023-11,90
Зүүн бүс,2023-12,98
Зүүн бүс,2024-01,103
Зүүн бүс,2024-02,97
Зүүн бүс,2024-03,90
Зүүн бүс,2024-04,80
Зүүн бүс,2024-05,100
Зүүн бүс,2024-06,96
Зүүн бүс,2024-07,103
Зүүн бүс,2024-08,77
Зүүн бүс,2024-09,103
Зүүн бүс,2024-10,75
Зүүн бүс,2024-11,114
Зүүн бүс,2024-12,109
Зүүн бүс,2025-01,92
Зүүн бүс,2025-02,64
Зүүн бүс,2025-03,104
Зүүн бүс,2025-04,90
Зүүн бүс,2025-05,88
Зүүн бүс,2025-06,84
Зүүн бүс,2025-07,101
Зүүн бүс,2025-08,97
Зүүн бүс,2025-09,100
Зүүн бүс,2025-10,105
Зүүн бүс,2025-11,130
Зүүн бүс,2025-12,105
Зүүн бүс,2026-01,77
Зүүн бүс,2026-02,81
Зүүн бүс,2026-03,94
Зүүн бүс,2026-04,90
Зүүн бүс,2026-05,76
Зүүн бүс,2026-06,84
Зүүн бүс,2026-07,87
Орхон,2016-01,49
Орхон,2016-02,44
Орхон,2016-03,49
Орхон,2016-04,37
Орхон,2016-05,50
Орхон,2016-06,42
Орхон,2016-07,34
Орхон,2016-08,42
Орхон,2016-09,55
Орхон,2016-10,23
Орхон,2016-11,35
Орхон,2016-12,26
Орхон,2017-01,43
Орхон,2017-02,35
Орхон,2017-03,44
Орхон,2017-04,33
Орхон,2017-05,42
Орхон,2017-06,42
Орхон,2017-07,38
Орхон,2017-08,41
Орхон,2017-09,46
Орхон,2017-10,45
Орхон,2017-11,36
Орхон,2017-12,48
Орхон,2018-01,32
Орхон,2018-02,43
Орхон,2018-03,49
Орхон,2018-04,40
Орхон,2018-05,35
Орхон,2018-06,40
Орхон,2018-07,49
Орхон,2018-08,47
Орхон,2018-09,42
Орхон,2018-10,50
Орхон,2018-11,52
Орхон,2018-12,41
Орхон,2019-01,54
Орхон,2019-02,43
Орхон,2019-03,46
Орхон,2019-04,41
Орхон,2019-05,32
Орхон,2019-06,39
Орхон,2019-07,40
Орхон,2019-08,51
Орхон,2019-09,44
Орхон,2019-10,41
Орхон,2019-11,33
Орхон,2019-12,58
Орхон,2020-01,50
Орхон,2020-02,35
Орхон,2020-03,39
Орхон,2020-04,42
Орхон,2020-05,41
Орхон,2020-06,49
Орхон,2020-07,31
Орхон,2020-08,38
Орхон,2020-09,46
Орхон,2020-10,37
Орхон,2020-11,38
Орхон,2020-12,44
Орхон,2021-01,33
Орхон,2021-02,42
Орхон,2021-03,43
Орхон,2021-04,39
Орхон,2021-05,29
Орхон,2021-06,50
Орхон,2021-07,61
Орхон,2021-08,69
Орхон,2021-09,70
Орхон,2021-10,81
Орхон,2021-11,50
Орхон,2021-12,57
Орхон,2022-01,44
Орхон,2022-02,42
Орхон,2022-03,58
Орхон,2022-04,42
Орхон,2022-05,51
Орхон,2022-06,45
Орхон,2022-07,41
Орхон,2022-08,47
Орхон,2022-09,55
Орхон,2022-10,42
Орхон,2022-11,27
Орхон,2022-12,47
Орхон,2023-01,45
Орхон,2023-02,30
Орхон,2023-03,46
Орхон,2023-04,26
Орхон,2023-05,51
Орхон,2023-06,36
Орхон,2023-07,46
Орхон,2023-08,35
Орхон,2023-09,37
Орхон,2023-10,45
Орхон,2023-11,42
Орхон,2023-12,48
Орхон,2024-01,55
Орхон,2024-02,39
Орхон,2024-03,55
Орхон,2024-04,43
Орхон,2024-05,37
Орхон,2024-06,39
Орхон,2024-07,45
Орхон,2024-08,39
Орхон,2024-09,43
Орхон,2024-10,48
Орхон,2024-11,31
Орхон,2024-12,51
Орхон,2025-01,41
Орхон,2025-02,35
Орхон,2025-03,36
Орхон,2025-04,38
Орхон,2025-05,45
Орхон,2025-06,41
Орхон,2025-07,35
Орхон,2025-08,36
Орхон,2025-09,47
Орхон,2025-10,48
Орхон,2025-11,40
Орхон,2025-12,54
Орхон,2026-01,40
Орхон,2026-02,34
Орхон,2026-03,43
Орхон,2026-04,54
Орхон,2026-05,49
Орхон,2026-06,35
Орхон,2026-07,50
Сэлэнгэ,2016-01,45
Сэлэнгэ,2016-02,52
Сэлэнгэ,2016-03,49
Сэлэнгэ,2016-04,47
Сэлэнгэ,2016-05,46
Сэлэнгэ,2016-06,58
Сэлэнгэ,2016-07,49
Сэлэнгэ,2016-08,38
Сэлэнгэ,2016-09,50
Сэлэнгэ,2016-10,41
Сэлэнгэ,2016-11,65
Сэлэнгэ,2016-12,30
Сэлэнгэ,2017-01,40
Сэлэнгэ,2017-02,37
Сэлэнгэ,2017-03,48
Сэлэнгэ,2017-04,29
Сэлэнгэ,2017-05,40
Сэлэнгэ,2017-06,42
Сэлэнгэ,2017-07,41
Сэлэнгэ,2017-08,40
Сэлэнгэ,2017-09,40
Сэлэнгэ,2017-10,49
Сэлэнгэ,2017-11,43
Сэлэнгэ,2017-12,45
Сэлэнгэ,2018-01,44
Сэлэнгэ,2018-02,53
Сэлэнгэ,2018-03,37
Сэлэнгэ,2018-04,36
Сэлэнгэ,2018-05,45
Сэлэнгэ,2018-06,36
Сэлэнгэ,2018-07,39
Сэлэнгэ,2018-08,39
Сэлэнгэ,2018-09,51
Сэлэнгэ,2018-10,51
Сэлэнгэ,2018-11,49
Сэлэнгэ,2018-12,49
Сэлэнгэ,2019-01,41
Сэлэнгэ,2019-02,44
Сэлэнгэ,2019-03,33
Сэлэнгэ,2019-04,45
Сэлэнгэ,2019-05,32
Сэлэнгэ,2019-06,41
Сэлэнгэ,2019-07,54
Сэлэнгэ,2019-08,44
Сэлэнгэ,2019-09,53
Сэлэнгэ,2019-10,57
Сэлэнгэ,2019-11,25
Сэлэнгэ,2019-12,33
Сэлэнгэ,2020-01,45
Сэлэнгэ,2020-02,43
Сэлэнгэ,2020-03,38
Сэлэнгэ,2020-04,43
Сэлэнгэ,2020-05,46
Сэлэнгэ,2020-06,37
Сэлэнгэ,2020-07,44
Сэлэнгэ,2020-08,33
Сэлэнгэ,2020-09,36
Сэлэнгэ,2020-10,47
Сэлэнгэ,2020-11,35
Сэлэнгэ,2020-12,44
Сэлэнгэ,2021-01,40
Сэлэнгэ,2021-02,33
Сэлэнгэ,2021-03,37
Сэлэнгэ,2021-04,57
Сэлэнгэ,2021-05,44
Сэлэнгэ,2021-06,41
Сэлэнгэ,2021-07,43
Сэлэнгэ,2021-08,52
Сэлэнгэ,2021-09,58
Сэлэнгэ,2021-10,63
Сэлэнгэ,2021-11,67
Сэлэнгэ,2021-12,66
Сэлэнгэ,2022-01,42
Сэлэнгэ,2022-02,45
Сэлэнгэ,2022-03,37
Сэлэнгэ,2022-04,46
Сэлэнгэ,2022-05,48
Сэлэнгэ,2022-06,43
Сэлэнгэ,2022-07,51
Сэлэнгэ,2022-08,34
Сэлэнгэ,2022-09,47
Сэлэнгэ,2022-10,42
Сэлэнгэ,2022-11,34
Сэлэнгэ,2022-12,56
Сэлэнгэ,2023-01,42
Сэлэнгэ,2023-02,46
Сэлэнгэ,2023-03,37
Сэлэнгэ,2023-04,35
Сэлэнгэ,2023-05,39
Сэлэнгэ,2023-06,38
Сэлэнгэ,2023-07,55
Сэлэнгэ,2023-08,36
Сэлэнгэ,2023-09,34
Сэлэнгэ,2023-10,44
Сэлэнгэ,2023-11,55
Сэлэнгэ,2023-12,42
Сэлэнгэ,2024-01,50
Сэлэнгэ,2024-02,36
Сэлэнгэ,2024-03,51
Сэлэнгэ,2024-04,49
Сэлэнгэ,2024-05,51
Сэлэнгэ,2024-06,41
Сэлэнгэ,2024-07,52
Сэлэнгэ,2024-08,40
Сэлэнгэ,2024-09,49
Сэлэнгэ,2024-10,47
Сэлэнгэ,2024-11,44
Сэлэнгэ,2024-12,46
Сэлэнгэ,2025-01,53
Сэлэнгэ,2025-02,35
Сэлэнгэ,2025-03,54
Сэлэнгэ,2025-04,44
Сэлэнгэ,2025-05,50
Сэлэнгэ,2025-06,66
Сэлэнгэ,2025-07,55
Сэлэнгэ,2025-08,32
Сэлэнгэ,2025-09,50
Сэлэнгэ,2025-10,48
Сэлэнгэ,2025-11,37
Сэлэнгэ,2025-12,46
Сэлэнгэ,2026-01,53
Сэлэнгэ,2026-02,53
Сэлэнгэ,2026-03,60
Сэлэнгэ,2026-04,37
Сэлэнгэ,2026-05,37
Сэлэнгэ,2026-06,42
Сэлэнгэ,2026-07,44
Сүхбаатар,2016-01,25
Сүхбаатар,2016-02,36
Сүхбаатар,2016-03,34
Сүхбаатар,2016-04,29
Сүхбаатар,2016-05,28
Сүхбаатар,2016-06,26
Сүхбаатар,2016-07,33
Сүхбаатар,2016-08,28
Сүхбаатар,2016-09,24
Сүхбаатар,2016-10,25
Сүхбаатар,2016-11,17
Сүхбаатар,2016-12,24
Сүхбаатар,2017-01,26
Сүхбаатар,2017-02,18
Сүхбаатар,2017-03,31
Сүхбаатар,2017-04,30
Сүхбаатар,2017-05,26
Сүхбаатар,2017-06,29
Сүхбаатар,2017-07,25
Сүхбаатар,2017-08,24
Сүхбаатар,2017-09,36
Сүхбаатар,2017-10,27
Сүхбаатар,2017-11,23
Сүхбаатар,2017-12,21
Сүхбаатар,2018-01,27
Сүхбаатар,2018-02,28
Сүхбаатар,2018-03,30
Сүхбаатар,2018-04,25
Сүхбаатар,2018-05,18
Сүхбаатар,2018-06,33
Сүхбаатар,2018-07,40
Сүхбаатар,2018-08,32
Сүхбаатар,2018-09,40
Сүхбаатар,2018-10,28
Сүхбаатар,2018-11,24
Сүхбаатар,2018-12,31
Сүхбаатар,2019-01,30
Сүхбаатар,2019-02,36
Сүхбаатар,2019-03,21
Сүхбаатар,2019-04,33
Сүхбаатар,2019-05,45
Сүхбаатар,2019-06,24
Сүхбаатар,2019-07,23
Сүхбаатар,2019-08,33
Сүхбаатар,2019-09,25
Сүхбаатар,2019-10,29
Сүхбаатар,2019-11,25
Сүхбаатар,2019-12,27
Сүхбаатар,2020-01,32
Сүхбаатар,2020-02,38
Сүхбаатар,2020-03,33
Сүхбаатар,2020-04,24
Сүхбаатар,2020-05,31
Сүхбаатар,2020-06,31
Сүхбаатар,2020-07,29
Сүхбаатар,2020-08,35
Сүхбаатар,2020-09,28
Сүхбаатар,2020-10,25
Сүхбаатар,2020-11,37
Сүхбаатар,2020-12,22
Сүхбаатар,2021-01,24
Сүхбаатар,2021-02,24
Сүхбаатар,2021-03,38
Сүхбаатар,2021-04,23
Сүхбаатар,2021-05,23
Сүхбаатар,2021-06,35
Сүхбаатар,2021-07,32
Сүхбаатар,2021-08,31
Сүхбаатар,2021-09,41
Сүхбаатар,2021-10,35
Сүхбаатар,2021-11,33
Сүхбаатар,2021-12,41
Сүхбаатар,2022-01,30
Сүхбаатар,2022-02,28
Сүхбаатар,2022-03,18
Сүхбаатар,2022-04,36
Сүхбаатар,2022-05,23
Сүхбаатар,2022-06,17
Сүхбаатар,2022-07,29
Сүхбаатар,2022-08,29
Сүхбаатар,2022-09,26
Сүхбаатар,2022-10,14
Сүхбаатар,2022-11,19
Сүхбаатар,2022-12,25
Сүхбаатар,2023-01,25
Сүхбаатар,2023-02,33
Сүхбаатар,2023-03,25
Сүхбаатар,2023-04,33
Сүхбаатар,2023-05,26
Сүхбаатар,2023-06,21
Сүхбаатар,2023-07,21
Сүхбаатар,2023-08,21
Сүхбаатар,2023-09,22
Сүхбаатар,2023-10,21
Сүхбаатар,2023-11,21
Сүхбаатар,2023-12,29
Сүхбаатар,2024-01,35
Сүхбаатар,2024-02,28
Сүхбаатар,2024-03,22
Сүхбаатар,2024-04,22
Сүхбаатар,2024-05,23
Сүхбаатар,2024-06,34
Сүхбаатар,2024-07,34
Сүхбаатар,2024-08,28
Сүхбаатар,2024-09,31
Сүхбаатар,2024-10,27
Сүхбаатар,2024-11,27
Сүхбаатар,2024-12,25
Сүхбаатар,2025-01,23
Сүхбаатар,2025-02,19
Сүхбаатар,2025-03,31
Сүхбаатар,2025-04,28
Сүхбаатар,2025-05,27
Сүхбаатар,2025-06,23
Сүхбаатар,2025-07,23
Сүхбаатар,2025-08,36
Сүхбаатар,2025-09,25
Сүхбаатар,2025-10,28
Сүхбаатар,2025-11,24
Сүхбаатар,2025-12,29
Сүхбаатар,2026-01,22
Сүхбаатар,2026-02,21
Сүхбаатар,2026-03,31
Сүхбаатар,2026-04,25
Сүхбаатар,2026-05,27
Сүхбаатар,2026-06,23
Сүхбаатар,2026-07,21
Төв,2016-01,46
Төв,2016-02,43
Төв,2016-03,37
Төв,2016-04,33
Төв,2016-05,40
Төв,2016-06,22
Төв,2016-07,50
Төв,2016-08,33
Төв,2016-09,27
Төв,2016-10,33
Төв,2016-11,24
Төв,2016-12,37
Төв,2017-01,38
Төв,2017-02,25
Төв,2017-03,35
Төв,2017-04,32
Төв,2017-05,48
Төв,2017-06,28
Төв,2017-07,32
Төв,2017-08,37
Төв,2017-09,44
Төв,2017-10,41
Төв,2017-11,34
Төв,2017-12,26
Төв,2018-01,42
Төв,2018-02,41
Төв,2018-03,40
Төв,2018-04,34
Төв,2018-05,39
Төв,2018-06,34
Төв,2018-07,52
Төв,2018-08,54
Төв,2018-09,33
Төв,2018-10,32
Төв,2018-11,27
Төв,2018-12,42
Төв,2019-01,39
Төв,2019-02,42
Төв,2019-03,46
Төв,2019-04,36
Төв,2019-05,37
Төв,2019-06,41
Төв,2019-07,33
Төв,2019-08,43
Төв,2019-09,48
Төв,2019-10,45
Төв,2019-11,36
Төв,2019-12,30
Төв,2020-01,20
Төв,2020-02,27
Төв,2020-03,45
Төв,2020-04,33
Төв,2020-05,32
Төв,2020-06,34
Төв,2020-07,49
Төв,2020-08,30
Төв,2020-09,31
Төв,2020-10,42
Төв,2020-11,22
Төв,2020-12,26
Төв,2021-01,23
Төв,2021-02,33
Төв,2021-03,33
Төв,2021-04,43
Төв,2021-05,35
Төв,2021-06,36
Төв,2021-07,69
Төв,2021-08,45
Төв,2021-09,52
Төв,2021-10,53
Төв,2021-11,51
Төв,2021-12,49
Төв,2022-01,44
Төв,2022-02,53
Төв,2022-03,42
Төв,2022-04,39
Төв,2022-05,45
Төв,2022-06,57
Төв,2022-07,42
Төв,2022-08,36
Төв,2022-09,40
Төв,2022-10,43
Төв,2022-11,46
Төв,2022-12,32
Төв,2023-01,32
Төв,2023-02,49
Төв,2023-03,33
Төв,2023-04,50
Төв,2023-05,42
Төв,2023-06,44
Төв,2023-07,48
Төв,2023-08,45
Төв,2023-09,39
Төв,2023-10,48
Төв,2023-11,41
Төв,2023-12,39
Төв,2024-01,41
Төв,2024-02,40
Төв,2024-03,43
Төв,2024-04,47
Төв,2024-05,45
Төв,2024-06,47
Төв,2024-07,64
Төв,2024-08,38
Төв,2024-09,47
Төв,2024-10,45
Төв,2024-11,47
Төв,2024-12,48
Төв,2025-01,37
Төв,2025-02,31
Төв,2025-03,54
Төв,2025-04,45
Төв,2025-05,40
Төв,2025-06,39
Төв,2025-07,44
Төв,2025-08,34
Төв,2025-09,53
Төв,2025-10,41
Төв,2025-11,36
Төв,2025-12,68
Төв,2026-01,54
Төв,2026-02,42
Төв,2026-03,47
Төв,2026-04,44
Төв,2026-05,38
Төв,2026-06,32
Төв,2026-07,47
Төвийн бүс,2016-01,223
Төвийн бүс,2016-02,233
Төвийн бүс,2016-03,201
Төвийн бүс,2016-04,219
Төвийн бүс,2016-05,217
Төвийн бүс,2016-06,208
Төвийн бүс,2016-07,236
Төвийн бүс,2016-08,204
Төвийн бүс,2016-09,203
Төвийн бүс,2016-10,206
Төвийн бүс,2016-11,238
Төвийн бүс,2016-12,198
Төвийн бүс,2017-01,190
Төвийн бүс,2017-02,170
Төвийн бүс,2017-03,238
Төвийн бүс,2017-04,180
Төвийн бүс,2017-05,218
Төвийн бүс,2017-06,203
Төвийн бүс,2017-07,198
Төвийн бүс,2017-08,193
Төвийн бүс,2017-09,211
Төвийн бүс,2017-10,224
Төвийн бүс,2017-11,208
Төвийн бүс,2017-12,195
Төвийн бүс,2018-01,216
Төвийн бүс,2018-02,225
Төвийн бүс,2018-03,207
Төвийн бүс,2018-04,226
Төвийн бүс,2018-05,227
Төвийн бүс,2018-06,195
Төвийн бүс,2018-07,245
Төвийн бүс,2018-08,212
Төвийн бүс,2018-09,231
Төвийн бүс,2018-10,212
Төвийн бүс,2018-11,198
Төвийн бүс,2018-12,230
Төвийн бүс,2019-01,224
Төвийн бүс,2019-02,196
Төвийн бүс,2019-03,222
Төвийн бүс,2019-04,210
Төвийн бүс,2019-05,200
Төвийн бүс,2019-06,198
Төвийн бүс,2019-07,218
Төвийн бүс,2019-08,214
Төвийн бүс,2019-09,247
Төвийн бүс,2019-10,242
Төвийн бүс,2019-11,195
Төвийн бүс,2019-12,196
Төвийн бүс,2020-01,176
Төвийн бүс,2020-02,199
Төвийн бүс,2020-03,196
Төвийн бүс,2020-04,182
Төвийн бүс,2020-05,181
Төвийн бүс,2020-06,181
Төвийн бүс,2020-07,228
Төвийн бүс,2020-08,185
Төвийн бүс,2020-09,187
Төвийн бүс,2020-10,202
Төвийн бүс,2020-11,163
Төвийн бүс,2020-12,158
Төвийн бүс,2021-01,172
Төвийн бүс,2021-02,177
Төвийн бүс,2021-03,198
Төвийн бүс,2021-04,205
Төвийн бүс,2021-05,186
Төвийн бүс,2021-06,190
Төвийн бүс,2021-07,252
Төвийн бүс,2021-08,224
Төвийн бүс,2021-09,251
Төвийн бүс,2021-10,335
Төвийн бүс,2021-11,328
Төвийн бүс,2021-12,257
Төвийн бүс,2022-01,227
Төвийн бүс,2022-02,240
Төвийн бүс,2022-03,212
Төвийн бүс,2022-04,202
Төвийн бүс,2022-05,209
Төвийн бүс,2022-06,227
Төвийн бүс,2022-07,222
Төвийн бүс,2022-08,212
Төвийн бүс,2022-09,219
Төвийн бүс,2022-10,204
Төвийн бүс,2022-11,204
Төвийн бүс,2022-12,218
Төвийн бүс,2023-01,186
Төвийн бүс,2023-02,213
Төвийн бүс,2023-03,199
Төвийн бүс,2023-04,210
Төвийн бүс,2023-05,228
Төвийн бүс,2023-06,199
Төвийн бүс,2023-07,239
Төвийн бүс,2023-08,208
Төвийн бүс,2023-09,183
Төвийн бүс,2023-10,206
Төвийн бүс,2023-11,226
Төвийн бүс,2023-12,198
Төвийн бүс,2024-01,221
Төвийн бүс,2024-02,192
Төвийн бүс,2024-03,213
Төвийн бүс,2024-04,223
Төвийн бүс,2024-05,220
Төвийн бүс,2024-06,215
Төвийн бүс,2024-07,248
Төвийн бүс,2024-08,204
Төвийн бүс,2024-09,233
Төвийн бүс,2024-10,246
Төвийн бүс,2024-11,230
Төвийн бүс,2024-12,235
Төвийн бүс,2025-01,208
Төвийн бүс,2025-02,174
Төвийн бүс,2025-03,264
Төвийн бүс,2025-04,237
Төвийн бүс,2025-05,230
Төвийн бүс,2025-06,248
Төвийн бүс,2025-07,223
Төвийн бүс,2025-08,187
Төвийн бүс,2025-09,230
Төвийн бүс,2025-10,218
Төвийн бүс,2025-11,208
Төвийн бүс,2025-12,281
Төвийн бүс,2026-01,227
Төвийн бүс,2026-02,223
Төвийн бүс,2026-03,253
Төвийн бүс,2026-04,232
Төвийн бүс,2026-05,238
Төвийн бүс,2026-06,196
Төвийн бүс,2026-07,228
Увс,2016-01,41
Увс,2016-02,42
Увс,2016-03,38
Увс,2016-04,39
Увс,2016-05,44
Увс,2016-06,43
Увс,2016-07,38
Увс,2016-08,30
Увс,2016-09,41
Увс,2016-10,27
Увс,2016-11,33
Увс,2016-12,36
Увс,2017-01,26
Увс,2017-02,36
Увс,2017-03,32
Увс,2017-04,33
Увс,2017-05,46
Увс,2017-06,36
Увс,2017-07,47
Увс,2017-08,30
Увс,2017-09,30
Увс,2017-10,42
Увс,2017-11,35
Увс,2017-12,37
Увс,2018-01,35
Увс,2018-02,25
Увс,2018-03,39
Увс,2018-04,39
Увс,2018-05,49
Увс,2018-06,44
Увс,2018-07,45
Увс,2018-08,39
Увс,2018-09,36
Увс,2018-10,42
Увс,2018-11,22
Увс,2018-12,42
Увс,2019-01,41
Увс,2019-02,47
Увс,2019-03,39
Увс,2019-04,40
Увс,2019-05,38
Увс,2019-06,33
Увс,2019-07,35
Увс,2019-08,31
Увс,2019-09,33
Увс,2019-10,33
Увс,2019-11,22
Увс,2019-12,40
Увс,2020-01,33
Увс,2020-02,40
Увс,2020-03,27
Увс,2020-04,37
Увс,2020-05,35
Увс,2020-06,44
Увс,2020-07,35
Увс,2020-08,30
Увс,2020-09,44
Увс,2020-10,37
Увс,2020-11,22
Увс,2020-12,28
Увс,2021-01,18
Увс,2021-02,40
Увс,2021-03,27
Увс,2021-04,27
Увс,2021-05,46
Увс,2021-06,36
Увс,2021-07,39
Увс,2021-08,41
Увс,2021-09,52
Увс,2021-10,55
Увс,2021-11,39
Увс,2021-12,60
Увс,2022-01,27
Увс,2022-02,32
Увс,2022-03,39
Увс,2022-04,29
Увс,2022-05,34
Увс,2022-06,34
Увс,2022-07,39
Увс,2022-08,24
Увс,2022-09,31
Увс,2022-10,39
Увс,2022-11,43
Увс,2022-12,31
Увс,2023-01,31
Увс,2023-02,34
Увс,2023-03,37
Увс,2023-04,34
Увс,2023-05,37
Увс,2023-06,32
Увс,2023-07,41
Увс,2023-08,40
Увс,2023-09,33
Увс,2023-10,35
Увс,2023-11,27
Увс,2023-12,32
Увс,2024-01,27
Увс,2024-02,28
Увс,2024-03,39
Увс,2024-04,37
Увс,2024-05,34
Увс,2024-06,51
Увс,2024-07,52
Увс,2024-08,25
Увс,2024-09,32
Увс,2024-10,40
Увс,2024-11,18
Увс,2024-12,32
Увс,2025-01,34
Увс,2025-02,36
Увс,2025-03,47
Увс,2025-04,43
Увс,2025-05,32
Увс,2025-06,40
Увс,2025-07,43
Увс,2025-08,32
Увс,2025-09,37
Увс,2025-10,34
Увс,2025-11,29
Увс,2025-12,33
Увс,2026-01,33
Увс,2026-02,29
Увс,2026-03,30
Увс,2026-04,38
Увс,2026-05,45
Увс,2026-06,30
Увс,2026-07,33
Улаанбаатар,2016-01,576
Улаанбаатар,2016-02,582
Улаанбаатар,2016-03,640
Улаанбаатар,2016-04,617
Улаанбаатар,2016-05,617
Улаанбаатар,2016-06,549
Улаанбаатар,2016-07,557
Улаанбаатар,2016-08,599
Улаанбаатар,2016-09,593
Улаанбаатар,2016-10,575
Улаанбаатар,2016-11,588
Улаанбаатар,2016-12,583
Улаанбаатар,2017-01,687
Улаанбаатар,2017-02,499
Улаанбаатар,2017-03,636
Улаанбаатар,2017-04,550
Улаанбаатар,2017-05,625
Улаанбаатар,2017-06,572
Улаанбаатар,2017-07,551
Улаанбаатар,2017-08,618
Улаанбаатар,2017-09,595
Улаанбаатар,2017-10,603
Улаанбаатар,2017-11,606
Улаанбаатар,2017-12,665
Улаанбаатар,2018-01,726
Улаанбаатар,2018-02,595
Улаанбаатар,2018-03,673
Улаанбаатар,2018-04,615
Улаанбаатар,2018-05,685
Улаанбаатар,2018-06,638
Улаанбаатар,2018-07,721
Улаанбаатар,2018-08,628
Улаанбаатар,2018-09,723
Улаанбаатар,2018-10,705
Улаанбаатар,2018-11,661
Улаанбаатар,2018-12,810
Улаанбаатар,2019-01,779
Улаанбаатар,2019-02,591
Улаанбаатар,2019-03,641
Улаанбаатар,2019-04,697
Улаанбаатар,2019-05,709
Улаанбаатар,2019-06,607
Улаанбаатар,2019-07,625
Улаанбаатар,2019-08,631
Улаанбаатар,2019-09,635
Улаанбаатар,2019-10,758
Улаанбаатар,2019-11,643
Улаанбаатар,2019-12,895
Улаанбаатар,2020-01,684
Улаанбаатар,2020-02,613
Улаанбаатар,2020-03,652
Улаанбаатар,2020-04,639
Улаанбаатар,2020-05,645
Улаанбаатар,2020-06,608
Улаанбаатар,2020-07,608
Улаанбаатар,2020-08,624
Улаанбаатар,2020-09,729
Улаанбаатар,2020-10,726
Улаанбаатар,2020-11,671
Улаанбаатар,2020-12,596
Улаанбаатар,2021-01,540
Улаанбаатар,2021-02,588
Улаанбаатар,2021-03,700
Улаанбаатар,2021-04,826
Улаанбаатар,2021-05,735
Улаанбаатар,2021-06,1008
Улаанбаатар,2021-07,989
Улаанбаатар,2021-08,811
Улаанбаатар,2021-09,973
Улаанбаатар,2021-10,1194
Улаанбаатар,2021-11,1007
Улаанбаатар,2021-12,962
Улаанбаатар,2022-01,634
Улаанбаатар,2022-02,733
Улаанбаатар,2022-03,763
Улаанбаатар,2022-04,821
Улаанбаатар,2022-05,768
Улаанбаатар,2022-06,708
Улаанбаатар,2022-07,661
Улаанбаатар,2022-08,834
Улаанбаатар,2022-09,799
Улаанбаатар,2022-10,772
Улаанбаатар,2022-11,788
Улаанбаатар,2022-12,949
Улаанбаатар,2023-01,736
Улаанбаатар,2023-02,628
Улаанбаатар,2023-03,799
Улаанбаатар,2023-04,699
Улаанбаатар,2023-05,558
Улаанбаатар,2023-06,926
Улаанбаатар,2023-07,705
Улаанбаатар,2023-08,725
Улаанбаатар,2023-09,680
Улаанбаатар,2023-10,621
Улаанбаатар,2023-11,900
Улаанбаатар,2023-12,951
Улаанбаатар,2024-01,754
Улаанбаатар,2024-02,668
Улаанбаатар,2024-03,723
Улаанбаатар,2024-04,683
Улаанбаатар,2024-05,778
Улаанбаатар,2024-06,705
Улаанбаатар,2024-07,740
Улаанбаатар,2024-08,812
Улаанбаатар,2024-09,742
Улаанбаатар,2024-10,822
Улаанбаатар,2024-11,879
Улаанбаатар,2024-12,868
Улаанбаатар,2025-01,811
Улаанбаатар,2025-02,587
Улаанбаатар,2025-03,746
Улаанбаатар,2025-04,778
Улаанбаатар,2025-05,736
Улаанбаатар,2025-06,779
Улаанбаатар,2025-07,729
Улаанбаатар,2025-08,724
Улаанбаатар,2025-09,775
Улаанбаатар,2025-10,830
Улаанбаатар,2025-11,831
Улаанбаатар,2025-12,819
Улаанбаатар,2026-01,773
Улаанбаатар,2026-02,643
Улаанбаатар,2026-03,949
Улаанбаатар,2026-04,664
Улаанбаатар,2026-05,645
Улаанбаатар,2026-06,718
Улаанбаатар,2026-07,843
Улсын дүн,2016-01,1317
Улсын дүн,2016-02,1372
Улсын дүн,2016-03,1457
Улсын дүн,2016-04,1411
Улсын дүн,2016-05,1441
Улсын дүн,2016-06,1297
Улсын дүн,2016-07,1341
Улсын дүн,2016-08,1355
Улсын дүн,2016-09,1301
Улсын дүн,2016-10,1255
Улсын дүн,2016-11,1348
Улсын дүн,2016-12,1286
Улсын дүн,2017-01,1357
Улсын дүн,2017-02,1112
Улсын дүн,2017-03,1428
Улсын дүн,2017-04,1206
Улсын дүн,2017-05,1362
Улсын дүн,2017-06,1280
Улсын дүн,2017-07,1279
Улсын дүн,2017-08,1347
Улсын дүн,2017-09,1360
Улсын дүн,2017-10,1378
Улсын дүн,2017-11,1292
Улсын дүн,2017-12,1411
Улсын дүн,2018-01,1486
Улсын дүн,2018-02,1370
Улсын дүн,2018-03,1486
Улсын дүн,2018-04,1375
Улсын дүн,2018-05,1432
Улсын дүн,2018-06,1367
Улсын дүн,2018-07,1533
Улсын дүн,2018-08,1391
Улсын дүн,2018-09,1460
Улсын дүн,2018-10,1461
Улсын дүн,2018-11,1361
Улсын дүн,2018-12,1609
Улсын дүн,2019-01,1573
Улсын дүн,2019-02,1358
Улсын дүн,2019-03,1373
Улсын дүн,2019-04,1431
Улсын дүн,2019-05,1508
Улсын дүн,2019-06,1280
Улсын дүн,2019-07,1410
Улсын дүн,2019-08,1425
Улсын дүн,2019-09,1365
Улсын дүн,2019-10,1542
Улсын дүн,2019-11,1266
Улсын дүн,2019-12,1674
Улсын дүн,2020-01,1366
Улсын дүн,2020-02,1298
Улсын дүн,2020-03,1292
Улсын дүн,2020-04,1310
Улсын дүн,2020-05,1288
Улсын дүн,2020-06,1306
Улсын дүн,2020-07,1402
Улсын дүн,2020-08,1331
Улсын дүн,2020-09,1405
Улсын дүн,2020-10,1427
Улсын дүн,2020-11,1278
Улсын дүн,2020-12,1219
Улсын дүн,2021-01,1151
Улсын дүн,2021-02,1237
Улсын дүн,2021-03,1381
Улсын дүн,2021-04,1484
Улсын дүн,2021-05,1403
Улсын дүн,2021-06,1715
Улсын дүн,2021-07,1819
Улсын дүн,2021-08,1678
Улсын дүн,2021-09,2026
Улсын дүн,2021-10,2302
Улсын дүн,2021-11,1950
Улсын дүн,2021-12,1785
Улсын дүн,2022-01,1345
Улсын дүн,2022-02,1487
Улсын дүн,2022-03,1496
Улсын дүн,2022-04,1558
Улсын дүн,2022-05,1506
Улсын дүн,2022-06,1424
Улсын дүн,2022-07,1438
Улсын дүн,2022-08,1609
Улсын дүн,2022-09,1490
Улсын дүн,2022-10,1485
Улсын дүн,2022-11,1472
Улсын дүн,2022-12,1671
Улсын дүн,2023-01,1430
Улсын дүн,2023-02,1336
Улсын дүн,2023-03,1587
Улсын дүн,2023-04,1344
Улсын дүн,2023-05,1323
Улсын дүн,2023-06,1593
Улсын дүн,2023-07,1519
Улсын дүн,2023-08,1442
Улсын дүн,2023-09,1347
Улсын дүн,2023-10,1325
Улсын дүн,2023-11,1596
Улсын дүн,2023-12,1691
Улсын дүн,2024-01,1483
Улсын дүн,2024-02,1384
Улсын дүн,2024-03,1398
Улсын дүн,2024-04,1405
Улсын дүн,2024-05,1545
Улсын дүн,2024-06,1428
Улсын дүн,2024-07,1566
Улсын дүн,2024-08,1506
Улсын дүн,2024-09,1504
Улсын дүн,2024-10,1596
Улсын дүн,2024-11,1592
Улсын дүн,2024-12,1706
Улсын дүн,2025-01,1482
Улсын дүн,2025-02,1196
Улсын дүн,2025-03,1563
Улсын дүн,2025-04,1496
Улсын дүн,2025-05,1482
Улсын дүн,2025-06,1500
Улсын дүн,2025-07,1493
Улсын дүн,2025-08,1400
Улсын дүн,2025-09,1551
Улсын дүн,2025-10,1572
Улсын дүн,2025-11,1550
Улсын дүн,2025-12,1622
Улсын дүн,2026-01,1473
Улсын дүн,2026-02,1318
Улсын дүн,2026-03,1725
Улсын дүн,2026-04,1364
Улсын дүн,2026-05,1428
Улсын дүн,2026-06,1413
Улсын дүн,2026-07,1637
Хангайн бүс,2016-01,260
Хангайн бүс,2016-02,297
Хангайн бүс,2016-03,304
Хангайн бүс,2016-04,293
Хангайн бүс,2016-05,295
Хангайн бүс,2016-06,250
Хангайн бүс,2016-07,275
Хангайн бүс,2016-08,283
Хангайн бүс,2016-09,268
Хангайн бүс,2016-10,234
Хангайн бүс,2016-11,252
Хангайн бүс,2016-12,247
Хангайн бүс,2017-01,242
Хангайн бүс,2017-02,199
Хангайн бүс,2017-03,285
Хангайн бүс,2017-04,244
Хангайн бүс,2017-05,250
Хангайн бүс,2017-06,253
Хангайн бүс,2017-07,275
Хангайн бүс,2017-08,271
Хангайн бүс,2017-09,299
Хангайн бүс,2017-10,293
Хангайн бүс,2017-11,234
Хангайн бүс,2017-12,271
Хангайн бүс,2018-01,269
Хангайн бүс,2018-02,284
Хангайн бүс,2018-03,298
Хангайн бүс,2018-04,275
Хангайн бүс,2018-05,280
Хангайн бүс,2018-06,267
Хангайн бүс,2018-07,290
Хангайн бүс,2018-08,287
Хангайн бүс,2018-09,250
Хангайн бүс,2018-10,276
Хангайн бүс,2018-11,268
Хангайн бүс,2018-12,276
Хангайн бүс,2019-01,286
Хангайн бүс,2019-02,295
Хангайн бүс,2019-03,244
Хангайн бүс,2019-04,239
Хангайн бүс,2019-05,294
Хангайн бүс,2019-06,258
Хангайн бүс,2019-07,291
Хангайн бүс,2019-08,309
Хангайн бүс,2019-09,241
Хангайн бүс,2019-10,288
Хангайн бүс,2019-11,205
Хангайн бүс,2019-12,287
Хангайн бүс,2020-01,254
Хангайн бүс,2020-02,240
Хангайн бүс,2020-03,217
Хангайн бүс,2020-04,226
Хангайн бүс,2020-05,229
Хангайн бүс,2020-06,249
Хангайн бүс,2020-07,282
Хангайн бүс,2020-08,253
Хангайн бүс,2020-09,265
Хангайн бүс,2020-10,253
Хангайн бүс,2020-11,218
Хангайн бүс,2020-12,232
Хангайн бүс,2021-01,204
Хангайн бүс,2021-02,234
Хангайн бүс,2021-03,235
Хангайн бүс,2021-04,233
Хангайн бүс,2021-05,221
Хангайн бүс,2021-06,275
Хангайн бүс,2021-07,280
Хангайн бүс,2021-08,356
Хангайн бүс,2021-09,395
Хангайн бүс,2021-10,394
Хангайн бүс,2021-11,313
Хангайн бүс,2021-12,270
Хангайн бүс,2022-01,234
Хангайн бүс,2022-02,266
Хангайн бүс,2022-03,287
Хангайн бүс,2022-04,281
Хангайн бүс,2022-05,275
Хангайн бүс,2022-06,258
Хангайн бүс,2022-07,297
Хангайн бүс,2022-08,275
Хангайн бүс,2022-09,245
Хангайн бүс,2022-10,261
Хангайн бүс,2022-11,237
Хангайн бүс,2022-12,247
Хангайн бүс,2023-01,265
Хангайн бүс,2023-02,238
Хангайн бүс,2023-03,313
Хангайн бүс,2023-04,210
Хангайн бүс,2023-05,284
Хангайн бүс,2023-06,245
Хангайн бүс,2023-07,306
Хангайн бүс,2023-08,259
Хангайн бүс,2023-09,246
Хангайн бүс,2023-10,255
Хангайн бүс,2023-11,252
Хангайн бүс,2023-12,275
Хангайн бүс,2024-01,254
Хангайн бүс,2024-02,264
Хангайн бүс,2024-03,239
Хангайн бүс,2024-04,275
Хангайн бүс,2024-05,275
Хангайн бүс,2024-06,231
Хангайн бүс,2024-07,268
Хангайн бүс,2024-08,256
Хангайн бүс,2024-09,271
Хангайн бүс,2024-10,302
Хангайн бүс,2024-11,237
Хангайн бүс,2024-12,336
Хангайн бүс,2025-01,237
Хангайн бүс,2025-02,214
Хангайн бүс,2025-03,284
Хангайн бүс,2025-04,243
Хангайн бүс,2025-05,290
Хангайн бүс,2025-06,251
Хангайн бүс,2025-07,282
Хангайн бүс,2025-08,248
Хангайн бүс,2025-09,290
Хангайн бүс,2025-10,272
Хангайн бүс,2025-11,256
Хангайн бүс,2025-12,254
Хангайн бүс,2026-01,239
Хангайн бүс,2026-02,241
Хангайн бүс,2026-03,263
Хангайн бүс,2026-04,238
Хангайн бүс,2026-05,286
Хангайн бүс,2026-06,264
Хангайн бүс,2026-07,308
Ховд,2016-01,34
Ховд,2016-02,22
Ховд,2016-03,39
Ховд,2016-04,29
Ховд,2016-05,35
Ховд,2016-06,40
Ховд,2016-07,35
Ховд,2016-08,27
Ховд,2016-09,29
Ховд,2016-10,26
Ховд,2016-11,31
Ховд,2016-12,41
Ховд,2017-01,34
Ховд,2017-02,33
Ховд,2017-03,41
Ховд,2017-04,34
Ховд,2017-05,37
Ховд,2017-06,35
Ховд,2017-07,25
Ховд,2017-08,41
Ховд,2017-09,35
Ховд,2017-10,39
Ховд,2017-11,39
Ховд,2017-12,32
Ховд,2018-01,42
Ховд,2018-02,45
Ховд,2018-03,41
Ховд,2018-04,36
Ховд,2018-05,28
Ховд,2018-06,33
Ховд,2018-07,25
Ховд,2018-08,34
Ховд,2018-09,32
Ховд,2018-10,41
Ховд,2018-11,20
Ховд,2018-12,38
Ховд,2019-01,28
Ховд,2019-02,34
Ховд,2019-03,28
Ховд,2019-04,30
Ховд,2019-05,27
Ховд,2019-06,16
Ховд,2019-07,26
Ховд,2019-08,40
Ховд,2019-09,37
Ховд,2019-10,27
Ховд,2019-11,33
Ховд,2019-12,41
Ховд,2020-01,33
Ховд,2020-02,28
Ховд,2020-03,26
Ховд,2020-04,36
Ховд,2020-05,25
Ховд,2020-06,29
Ховд,2020-07,25
Ховд,2020-08,34
Ховд,2020-09,30
Ховд,2020-10,42
Ховд,2020-11,31
Ховд,2020-12,34
Ховд,2021-01,29
Ховд,2021-02,30
Ховд,2021-03,34
Ховд,2021-04,32
Ховд,2021-05,29
Ховд,2021-06,19
Ховд,2021-07,41
Ховд,2021-08,41
Ховд,2021-09,55
Ховд,2021-10,44
Ховд,2021-11,33
Ховд,2021-12,29
Ховд,2022-01,27
Ховд,2022-02,23
Ховд,2022-03,34
Ховд,2022-04,38
Ховд,2022-05,34
Ховд,2022-06,26
Ховд,2022-07,38
Ховд,2022-08,50
Ховд,2022-09,36
Ховд,2022-10,34
Ховд,2022-11,32
Ховд,2022-12,27
Ховд,2023-01,30
Ховд,2023-02,36
Ховд,2023-03,33
Ховд,2023-04,26
Ховд,2023-05,38
Ховд,2023-06,24
Ховд,2023-07,35
Ховд,2023-08,39
Ховд,2023-09,31
Ховд,2023-10,30
Ховд,2023-11,29
Ховд,2023-12,44
Ховд,2024-01,25
Ховд,2024-02,37
Ховд,2024-03,21
Ховд,2024-04,24
Ховд,2024-05,30
Ховд,2024-06,36
Ховд,2024-07,35
Ховд,2024-08,30
Ховд,2024-09,28
Ховд,2024-10,27
Ховд,2024-11,26
Ховд,2024-12,35
Ховд,2025-01,19
Ховд,2025-02,24
Ховд,2025-03,28
Ховд,2025-04,19
Ховд,2025-05,22
Ховд,2025-06,21
Ховд,2025-07,27
Ховд,2025-08,27
Ховд,2025-09,31
Ховд,2025-10,35
Ховд,2025-11,31
Ховд,2025-12,29
Ховд,2026-01,37
Ховд,2026-02,29
Ховд,2026-03,34
Ховд,2026-04,39
Ховд,2026-05,33
Ховд,2026-06,30
Ховд,2026-07,35
Хэнтий,2016-01,29
Хэнтий,2016-02,24
Хэнтий,2016-03,38
Хэнтий,2016-04,28
Хэнтий,2016-05,28
Хэнтий,2016-06,30
Хэнтий,2016-07,31
Хэнтий,2016-08,30
Хэнтий,2016-09,30
Хэнтий,2016-10,35
Хэнтий,2016-11,35
Хэнтий,2016-12,27
Хэнтий,2017-01,29
Хэнтий,2017-02,27
Хэнтий,2017-03,22
Хэнтий,2017-04,30
Хэнтий,2017-05,34
Хэнтий,2017-06,27
Хэнтий,2017-07,28
Хэнтий,2017-08,36
Хэнтий,2017-09,28
Хэнтий,2017-10,19
Хэнтий,2017-11,30
Хэнтий,2017-12,41
Хэнтий,2018-01,27
Хэнтий,2018-02,26
Хэнтий,2018-03,32
Хэнтий,2018-04,40
Хэнтий,2018-05,31
Хэнтий,2018-06,41
Хэнтий,2018-07,31
Хэнтий,2018-08,23
Хэнтий,2018-09,24
Хэнтий,2018-10,35
Хэнтий,2018-11,19
Хэнтий,2018-12,32
Хэнтий,2019-01,37
Хэнтий,2019-02,35
Хэнтий,2019-03,21
Хэнтий,2019-04,27
Хэнтий,2019-05,35
Хэнтий,2019-06,26
Хэнтий,2019-07,33
Хэнтий,2019-08,34
Хэнтий,2019-09,30
Хэнтий,2019-10,33
Хэнтий,2019-11,25
Хэнтий,2019-12,34
Хэнтий,2020-01,30
Хэнтий,2020-02,14
Хэнтий,2020-03,28
Хэнтий,2020-04,36
Хэнтий,2020-05,19
Хэнтий,2020-06,28
Хэнтий,2020-07,40
Хэнтий,2020-08,32
Хэнтий,2020-09,20
Хэнтий,2020-10,32
Хэнтий,2020-11,13
Хэнтий,2020-12,27
Хэнтий,2021-01,35
Хэнтий,2021-02,28
Хэнтий,2021-03,35
Хэнтий,2021-04,28
Хэнтий,2021-05,30
Хэнтий,2021-06,26
Хэнтий,2021-07,32
Хэнтий,2021-08,26
Хэнтий,2021-09,34
Хэнтий,2021-10,51
Хэнтий,2021-11,39
Хэнтий,2021-12,32
Хэнтий,2022-01,28
Хэнтий,2022-02,37
Хэнтий,2022-03,34
Хэнтий,2022-04,23
Хэнтий,2022-05,31
Хэнтий,2022-06,32
Хэнтий,2022-07,27
Хэнтий,2022-08,31
Хэнтий,2022-09,22
Хэнтий,2022-10,28
Хэнтий,2022-11,28
Хэнтий,2022-12,30
Хэнтий,2023-01,37
Хэнтий,2023-02,29
Хэнтий,2023-03,25
Хэнтий,2023-04,21
Хэнтий,2023-05,26
Хэнтий,2023-06,27
Хэнтий,2023-07,28
Хэнтий,2023-08,28
Хэнтий,2023-09,33
Хэнтий,2023-10,34
Хэнтий,2023-11,30
Хэнтий,2023-12,35
Хэнтий,2024-01,34
Хэнтий,2024-02,32
Хэнтий,2024-03,40
Хэнтий,2024-04,33
Хэнтий,2024-05,29
Хэнтий,2024-06,30
Хэнтий,2024-07,34
Хэнтий,2024-08,27
Хэнтий,2024-09,36
Хэнтий,2024-10,24
Хэнтий,2024-11,26
Хэнтий,2024-12,41
Хэнтий,2025-01,40
Хэнтий,2025-02,15
Хэнтий,2025-03,33
Хэнтий,2025-04,33
Хэнтий,2025-05,30
Хэнтий,2025-06,29
Хэнтий,2025-07,40
Хэнтий,2025-08,32
Хэнтий,2025-09,28
Хэнтий,2025-10,38
Хэнтий,2025-11,26
Хэнтий,2025-12,34
Хэнтий,2026-01,25
Хэнтий,2026-02,24
Хэнтий,2026-03,30
Хэнтий,2026-04,29
Хэнтий,2026-05,26
Хэнтий,2026-06,34
Хэнтий,2026-07,37
Хөвсгөл,2016-01,65
Хөвсгөл,2016-02,64
Хөвсгөл,2016-03,60
Хөвсгөл,2016-04,71
Хөвсгөл,2016-05,91
Хөвсгөл,2016-06,55
Хөвсгөл,2016-07,69
Хөвсгөл,2016-08,72
Хөвсгөл,2016-09,55
Хөвсгөл,2016-10,59
Хөвсгөл,2016-11,59
Хөвсгөл,2016-12,63
Хөвсгөл,2017-01,60
Хөвсгөл,2017-02,58
Хөвсгөл,2017-03,72
Хөвсгөл,2017-04,60
Хөвсгөл,2017-05,55
Хөвсгөл,2017-06,56
Хөвсгөл,2017-07,75
Хөвсгөл,2017-08,75
Хөвсгөл,2017-09,67
Хөвсгөл,2017-10,77
Хөвсгөл,2017-11,65
Хөвсгөл,2017-12,72
Хөвсгөл,2018-01,64
Хөвсгөл,2018-02,56
Хөвсгөл,2018-03,66
Хөвсгөл,2018-04,68
Хөвсгөл,2018-05,80
Хөвсгөл,2018-06,66
Хөвсгөл,2018-07,64
Хөвсгөл,2018-08,73
Хөвсгөл,2018-09,55
Хөвсгөл,2018-10,66
Хөвсгөл,2018-11,67
Хөвсгөл,2018-12,68
Хөвсгөл,2019-01,64
Хөвсгөл,2019-02,84
Хөвсгөл,2019-03,53
Хөвсгөл,2019-04,54
Хөвсгөл,2019-05,82
Хөвсгөл,2019-06,62
Хөвсгөл,2019-07,73
Хөвсгөл,2019-08,65
Хөвсгөл,2019-09,52
Хөвсгөл,2019-10,83
Хөвсгөл,2019-11,41
Хөвсгөл,2019-12,75
Хөвсгөл,2020-01,62
Хөвсгөл,2020-02,65
Хөвсгөл,2020-03,53
Хөвсгөл,2020-04,67
Хөвсгөл,2020-05,46
Хөвсгөл,2020-06,80
Хөвсгөл,2020-07,84
Хөвсгөл,2020-08,65
Хөвсгөл,2020-09,68
Хөвсгөл,2020-10,68
Хөвсгөл,2020-11,55
Хөвсгөл,2020-12,62
Хөвсгөл,2021-01,51
Хөвсгөл,2021-02,52
Хөвсгөл,2021-03,57
Хөвсгөл,2021-04,64
Хөвсгөл,2021-05,66
Хөвсгөл,2021-06,63
Хөвсгөл,2021-07,53
Хөвсгөл,2021-08,70
Хөвсгөл,2021-09,86
Хөвсгөл,2021-10,95
Хөвсгөл,2021-11,82
Хөвсгөл,2021-12,60
Хөвсгөл,2022-01,56
Хөвсгөл,2022-02,61
Хөвсгөл,2022-03,69
Хөвсгөл,2022-04,74
Хөвсгөл,2022-05,60
Хөвсгөл,2022-06,62
Хөвсгөл,2022-07,74
Хөвсгөл,2022-08,69
Хөвсгөл,2022-09,55
Хөвсгөл,2022-10,71
Хөвсгөл,2022-11,61
Хөвсгөл,2022-12,53
Хөвсгөл,2023-01,53
Хөвсгөл,2023-02,53
Хөвсгөл,2023-03,84
Хөвсгөл,2023-04,40
Хөвсгөл,2023-05,71
Хөвсгөл,2023-06,61
Хөвсгөл,2023-07,62
Хөвсгөл,2023-08,60
Хөвсгөл,2023-09,52
Хөвсгөл,2023-10,67
Хөвсгөл,2023-11,66
Хөвсгөл,2023-12,69
Хөвсгөл,2024-01,40
Хөвсгөл,2024-02,66
Хөвсгөл,2024-03,60
Хөвсгөл,2024-04,82
Хөвсгөл,2024-05,81
Хөвсгөл,2024-06,56
Хөвсгөл,2024-07,63
Хөвсгөл,2024-08,51
Хөвсгөл,2024-09,74
Хөвсгөл,2024-10,70
Хөвсгөл,2024-11,67
Хөвсгөл,2024-12,105
Хөвсгөл,2025-01,52
Хөвсгөл,2025-02,50
Хөвсгөл,2025-03,67
Хөвсгөл,2025-04,54
Хөвсгөл,2025-05,80
Хөвсгөл,2025-06,47
Хөвсгөл,2025-07,76
Хөвсгөл,2025-08,60
Хөвсгөл,2025-09,64
Хөвсгөл,2025-10,75
Хөвсгөл,2025-11,51
Хөвсгөл,2025-12,51
Хөвсгөл,2026-01,59
Хөвсгөл,2026-02,58
Хөвсгөл,2026-03,58
Хөвсгөл,2026-04,40
Хөвсгөл,2026-05,76
Хөвсгөл,2026-06,64
Хөвсгөл,2026-07,74
Өвөрхангай,2016-01,46
Өвөрхангай,2016-02,67
Өвөрхангай,2016-03,70
Өвөрхангай,2016-04,66
Өвөрхангай,2016-05,49
Өвөрхангай,2016-06,54
Өвөрхангай,2016-07,58
Өвөрхангай,2016-08,54
Өвөрхангай,2016-09,49
Өвөрхангай,2016-10,50
Өвөрхангай,2016-11,47
Өвөрхангай,2016-12,49
Өвөрхангай,2017-01,49
Өвөрхангай,2017-02,33
Өвөрхангай,2017-03,55
Өвөрхангай,2017-04,51
Өвөрхангай,2017-05,51
Өвөрхангай,2017-06,47
Өвөрхангай,2017-07,49
Өвөрхангай,2017-08,56
Өвөрхангай,2017-09,59
Өвөрхангай,2017-10,60
Өвөрхангай,2017-11,39
Өвөрхангай,2017-12,52
Өвөрхангай,2018-01,49
Өвөрхангай,2018-02,51
Өвөрхангай,2018-03,54
Өвөрхангай,2018-04,59
Өвөрхангай,2018-05,56
Өвөрхангай,2018-06,54
Өвөрхангай,2018-07,65
Өвөрхангай,2018-08,60
Өвөрхангай,2018-09,58
Өвөрхангай,2018-10,47
Өвөрхангай,2018-11,49
Өвөрхангай,2018-12,58
Өвөрхангай,2019-01,54
Өвөрхангай,2019-02,56
Өвөрхангай,2019-03,31
Өвөрхангай,2019-04,44
Өвөрхангай,2019-05,63
Өвөрхангай,2019-06,54
Өвөрхангай,2019-07,50
Өвөрхангай,2019-08,54
Өвөрхангай,2019-09,52
Өвөрхангай,2019-10,46
Өвөрхангай,2019-11,33
Өвөрхангай,2019-12,50
Өвөрхангай,2020-01,36
Өвөрхангай,2020-02,45
Өвөрхангай,2020-03,38
Өвөрхангай,2020-04,27
Өвөрхангай,2020-05,46
Өвөрхангай,2020-06,38
Өвөрхангай,2020-07,57
Өвөрхангай,2020-08,41
Өвөрхангай,2020-09,45
Өвөрхангай,2020-10,37
Өвөрхангай,2020-11,37
Өвөрхангай,2020-12,36
Өвөрхангай,2021-01,38
Өвөрхангай,2021-02,45
Өвөрхангай,2021-03,45
Өвөрхангай,2021-04,38
Өвөрхангай,2021-05,40
Өвөрхангай,2021-06,51
Өвөрхангай,2021-07,60
Өвөрхангай,2021-08,61
Өвөрхангай,2021-09,73
Өвөрхангай,2021-10,69
Өвөрхангай,2021-11,59
Өвөрхангай,2021-12,52
Өвөрхангай,2022-01,38
Өвөрхангай,2022-02,64
Өвөрхангай,2022-03,49
Өвөрхангай,2022-04,58
Өвөрхангай,2022-05,49
Өвөрхангай,2022-06,51
Өвөрхангай,2022-07,62
Өвөрхангай,2022-08,41
Өвөрхангай,2022-09,37
Өвөрхангай,2022-10,46
Өвөрхангай,2022-11,46
Өвөрхангай,2022-12,44
Өвөрхангай,2023-01,53
Өвөрхангай,2023-02,35
Өвөрхангай,2023-03,57
Өвөрхангай,2023-04,49
Өвөрхангай,2023-05,46
Өвөрхангай,2023-06,44
Өвөрхангай,2023-07,63
Өвөрхангай,2023-08,51
Өвөрхангай,2023-09,40
Өвөрхангай,2023-10,39
Өвөрхангай,2023-11,46
Өвөрхангай,2023-12,49
Өвөрхангай,2024-01,55
Өвөрхангай,2024-02,55
Өвөрхангай,2024-03,35
Өвөрхангай,2024-04,50
Өвөрхангай,2024-05,51
Өвөрхангай,2024-06,45
Өвөрхангай,2024-07,47
Өвөрхангай,2024-08,52
Өвөрхангай,2024-09,46
Өвөрхангай,2024-10,55
Өвөрхангай,2024-11,35
Өвөрхангай,2024-12,48
Өвөрхангай,2025-01,39
Өвөрхангай,2025-02,45
Өвөрхангай,2025-03,59
Өвөрхангай,2025-04,43
Өвөрхангай,2025-05,43
Өвөрхангай,2025-06,49
Өвөрхангай,2025-07,46
Өвөрхангай,2025-08,42
Өвөрхангай,2025-09,63
Өвөрхангай,2025-10,47
Өвөрхангай,2025-11,53
Өвөрхангай,2025-12,47
Өвөрхангай,2026-01,45
Өвөрхангай,2026-02,56
Өвөрхангай,2026-03,42
Өвөрхангай,2026-04,54
Өвөрхангай,2026-05,53
Өвөрхангай,2026-06,58
Өвөрхангай,2026-07,60
Өмнөговь,2016-01,31
Өмнөговь,2016-02,30
Өмнөговь,2016-03,26
Өмнөговь,2016-04,21
Өмнөговь,2016-05,20
Өмнөговь,2016-06,25
Өмнөговь,2016-07,30
Өмнөговь,2016-08,31
Өмнөговь,2016-09,31
Өмнөговь,2016-10,18
Өмнөговь,2016-11,31
Өмнөговь,2016-12,26
Өмнөговь,2017-01,16
Өмнөговь,2017-02,22
Өмнөговь,2017-03,32
Өмнөговь,2017-04,22
Өмнөговь,2017-05,34
Өмнөговь,2017-06,27
Өмнөговь,2017-07,22
Өмнөговь,2017-08,20
Өмнөговь,2017-09,25
Өмнөговь,2017-10,30
Өмнөговь,2017-11,28
Өмнөговь,2017-12,29
Өмнөговь,2018-01,28
Өмнөговь,2018-02,23
Өмнөговь,2018-03,31
Өмнөговь,2018-04,32
Өмнөговь,2018-05,29
Өмнөговь,2018-06,23
Өмнөговь,2018-07,27
Өмнөговь,2018-08,22
Өмнөговь,2018-09,27
Өмнөговь,2018-10,25
Өмнөговь,2018-11,22
Өмнөговь,2018-12,34
Өмнөговь,2019-01,32
Өмнөговь,2019-02,16
Өмнөговь,2019-03,22
Өмнөговь,2019-04,27
Өмнөговь,2019-05,40
Өмнөговь,2019-06,33
Өмнөговь,2019-07,33
Өмнөговь,2019-08,31
Өмнөговь,2019-09,28
Өмнөговь,2019-10,29
Өмнөговь,2019-11,24
Өмнөговь,2019-12,32
Өмнөговь,2020-01,25
Өмнөговь,2020-02,34
Өмнөговь,2020-03,18
Өмнөговь,2020-04,18
Өмнөговь,2020-05,25
Өмнөговь,2020-06,21
Өмнөговь,2020-07,41
Өмнөговь,2020-08,29
Өмнөговь,2020-09,25
Өмнөговь,2020-10,20
Өмнөговь,2020-11,20
Өмнөговь,2020-12,14
Өмнөговь,2021-01,22
Өмнөговь,2021-02,11
Өмнөговь,2021-03,20
Өмнөговь,2021-04,22
Өмнөговь,2021-05,34
Өмнөговь,2021-06,32
Өмнөговь,2021-07,26
Өмнөговь,2021-08,29
Өмнөговь,2021-09,35
Өмнөговь,2021-10,34
Өмнөговь,2021-11,44
Өмнөговь,2021-12,40
Өмнөговь,2022-01,36
Өмнөговь,2022-02,23
Өмнөговь,2022-03,18
Өмнөговь,2022-04,23
Өмнөговь,2022-05,28
Өмнөговь,2022-06,26
Өмнөговь,2022-07,26
Өмнөговь,2022-08,32
Өмнөговь,2022-09,30
Өмнөговь,2022-10,23
Өмнөговь,2022-11,33
Өмнөговь,2022-12,29
Өмнөговь,2023-01,21
Өмнөговь,2023-02,30
Өмнөговь,2023-03,27
Өмнөговь,2023-04,25
Өмнөговь,2023-05,29
Өмнөговь,2023-06,22
Өмнөговь,2023-07,35
Өмнөговь,2023-08,22
Өмнөговь,2023-09,27
Өмнөговь,2023-10,21
Өмнөговь,2023-11,24
Өмнөговь,2023-12,26
Өмнөговь,2024-01,30
Өмнөговь,2024-02,17
Өмнөговь,2024-03,32
Өмнөговь,2024-04,28
Өмнөговь,2024-05,24
Өмнөговь,2024-06,27
Өмнөговь,2024-07,28
Өмнөговь,2024-08,34
Өмнөговь,2024-09,20
Өмнөговь,2024-10,30
Өмнөговь,2024-11,34
Өмнөговь,2024-12,35
Өмнөговь,2025-01,28
Өмнөговь,2025-02,28
Өмнөговь,2025-03,31
Өмнөговь,2025-04,30
Өмнөговь,2025-05,25
Өмнөговь,2025-06,21
Өмнөговь,2025-07,18
Өмнөговь,2025-08,20
Өмнөговь,2025-09,18
Өмнөговь,2025-10,26
Өмнөговь,2025-11,29
Өмнөговь,2025-12,27
Өмнөговь,2026-01,29
Өмнөговь,2026-02,35
Өмнөговь,2026-03,33
Өмнөговь,2026-04,28
Өмнөговь,2026-05,40
Өмнөговь,2026-06,29
Өмнөговь,2026-07,33
