огноо,ипотекийн_зээл_тэрбум_төгрөг
2013-06-01,1032.16
2013-07-01,1273.0
2013-08-01,1461.75
2013-09-01,1611.38
2013-10-01,1750.78
2013-11-01,1834.04
2013-12-01,1938.95
2014-01-01,2021.42
2014-02-01,2121.8
2014-03-01,2193.37
2014-04-01,2280.5
2014-05-01,2365.35
2014-06-01,2440.01
2014-07-01,2492.11
2014-08-01,2553.83
2014-09-01,2619.16
2014-10-01,2703.79
2014-11-01,2762.73
2014-12-01,2844.71
2015-01-01,2898.73
2015-02-01,2949.12
2015-03-01,3015.54
2015-04-01,3082.55
2015-05-01,3128.18
2015-06-01,3192.03
2015-07-01,3230.51
2015-08-01,3267.18
2015-09-01,3319.71
2015-10-01,3370.51
2015-11-01,3412.93
2015-12-01,3432.96
2016-01-01,3434.85
2016-02-01,3459.6
2016-03-01,3565.32
2016-04-01,3632.98
2016-05-01,3697.06
2016-06-01,3792.28
2016-07-01,3849.22
2016-08-01,3886.36
2016-09-01,3943.04
2016-10-01,3950.19
2016-11-01,3979.62
2016-12-01,4018.3
2017-01-01,4034.89
2017-02-01,4062.8
2017-03-01,4091.15
2017-04-01,4112.25
2017-05-01,4143.15
2017-06-01,4177.18
2017-07-01,4186.06
2017-08-01,4196.17
2017-09-01,4206.82
2017-10-01,4217.73
2017-11-01,4231.84
2017-12-01,4253.22
2018-01-01,4247.2
2018-02-01,4243.87
2018-03-01,4255.13
2018-04-01,4261.46
2018-05-01,4293.1
2018-06-01,4328.51
2018-07-01,4331.8
2018-08-01,4341.01
2018-09-01,4350.3
2018-10-01,4357.51
2018-11-01,4385.38
2018-12-01,4430.22
2019-01-01,4424.84
2019-02-01,4413.35
2019-03-01,4413.73
2019-04-01,4437.51
2019-05-01,4473.76
2019-06-01,4488.23
2019-07-01,4501.08
2019-08-01,4518.29
2019-09-01,4532.03
2019-10-01,4552.89
2019-11-01,4574.26
2019-12-01,4628.96
2020-01-01,4629.15
2020-02-01,4638.58
2020-03-01,4640.31
2020-04-01,4654.79
2020-05-01,4682.5
2020-06-01,4730.87
2020-07-01,4763.95
2020-08-01,4807.69
2020-09-01,4835.56
2020-10-01,4867.07
2020-11-01,4870.0
2020-12-01,4919.17
2021-01-01,4933.14
2021-02-01,4947.16
2021-03-01,5020.33
2021-04-01,5050.89
2021-05-01,5093.27
2021-06-01,5189.46
2021-07-01,5253.05
2021-08-01,5372.05
2021-09-01,5452.46
2021-10-01,5518.36
2021-11-01,5578.41
2021-12-01,5654.48
2022-01-01,5700.33
2022-02-01,5729.43
2022-03-01,5800.31
2022-04-01,5860.4
2022-05-01,5928.95
2022-06-01,5993.58
2022-07-01,6043.82
2022-08-01,6112.47
2022-09-01,6190.48
2022-10-01,6281.36
2022-11-01,6377.31
2022-12-01,6487.8
2023-01-01,6505.67
2023-02-01,6575.69
2023-03-01,6663.41
2023-04-01,6741.68
2023-05-01,6823.1
2023-06-01,6905.9
2023-07-01,6928.03
2023-08-01,6994.52
2023-09-01,7120.65
2023-10-01,7272.33
2023-11-01,7435.87
2023-12-01,7644.26
2024-01-01,7724.82
2024-02-01,7813.43
2024-03-01,7917.77
2024-04-01,8051.71
2024-05-01,8280.17
2024-06-01,8559.28
2024-07-01,8722.14
2024-08-01,8832.56
2024-09-01,8962.45
2024-10-01,9096.28
2024-11-01,9237.92
2024-12-01,9433.34
2025-01-01,9529.21
2025-02-01,9671.44
2025-03-01,9778.26
2025-04-01,9976.75
2025-05-01,10178.44
2025-06-01,10377.29
2025-07-01,10465.64
2025-08-01,10582.56
2025-09-01,10798.84
2025-10-01,11044.12
2025-11-01,11227.76
2025-12-01,11477.8
2026-01-01,11568.81
2026-02-01,11672.16
