он,үзүүлэлт,мян_тн
1989,Үйлдвэрлэсэн,8045.0
1989,Импорт,77.0
1989,Нийт хэрэглээ,7247.0
1989,ДЦС-д хэрэглэсэн,4311.0
1989,ААНБ болон өрхөд нийлүүлсэн,2936.0
1989,Экспорт,776.0
1989,"Тээвэр, хадгалалтын хорогдол",
1990,Үйлдвэрлэсэн,7157.0
1990,Импорт,73.0
1990,Нийт хэрэглээ,6649.0
1990,ДЦС-д хэрэглэсэн,4324.0
1990,ААНБ болон өрхөд нийлүүлсэн,2325.0
1990,Экспорт,490.0
1990,"Тээвэр, хадгалалтын хорогдол",
1991,Үйлдвэрлэсэн,7037.0
1991,Импорт,0.0
1991,Нийт хэрэглээ,6992.0
1991,ДЦС-д хэрэглэсэн,4497.0
1991,ААНБ болон өрхөд нийлүүлсэн,2495.0
1991,Экспорт,121.0
1991,"Тээвэр, хадгалалтын хорогдол",
1992,Үйлдвэрлэсэн,6247.4
1992,Импорт,0.0
1992,Нийт хэрэглээ,6219.0
1992,ДЦС-д хэрэглэсэн,4438.0
1992,ААНБ болон өрхөд нийлүүлсэн,1781.0
1992,Экспорт,87.9
1992,"Тээвэр, хадгалалтын хорогдол",
1993,Үйлдвэрлэсэн,5617.0
1993,Импорт,0.0
1993,Нийт хэрэглээ,5664.0
1993,ДЦС-д хэрэглэсэн,4031.0
1993,ААНБ болон өрхөд нийлүүлсэн,1633.0
1993,Экспорт,0.0
1993,"Тээвэр, хадгалалтын хорогдол",
1994,Үйлдвэрлэсэн,5158.0
1994,Импорт,0.0
1994,Нийт хэрэглээ,5167.0
1994,ДЦС-д хэрэглэсэн,3771.0
1994,ААНБ болон өрхөд нийлүүлсэн,1396.0
1994,Экспорт,0.0
1994,"Тээвэр, хадгалалтын хорогдол",
1995,Үйлдвэрлэсэн,5019.0
1995,Импорт,0.0
1995,Нийт хэрэглээ,4994.0
1995,ДЦС-д хэрэглэсэн,3883.0
1995,ААНБ болон өрхөд нийлүүлсэн,1111.0
1995,Экспорт,0.0
1995,"Тээвэр, хадгалалтын хорогдол",
1996,Үйлдвэрлэсэн,5110.0
1996,Импорт,0.0
1996,Нийт хэрэглээ,5107.0
1996,ДЦС-д хэрэглэсэн,3925.0
1996,ААНБ болон өрхөд нийлүүлсэн,1182.0
1996,Экспорт,0.0
1996,"Тээвэр, хадгалалтын хорогдол",
1997,Үйлдвэрлэсэн,4924.0
1997,Импорт,0.0
1997,Нийт хэрэглээ,4935.0
1997,ДЦС-д хэрэглэсэн,3673.0
1997,ААНБ болон өрхөд нийлүүлсэн,1262.0
1997,Экспорт,0.0
1997,"Тээвэр, хадгалалтын хорогдол",
1998,Үйлдвэрлэсэн,5057.0
1998,Импорт,38.0
1998,Нийт хэрэглээ,4986.0
1998,ДЦС-д хэрэглэсэн,4193.0
1998,ААНБ болон өрхөд нийлүүлсэн,793.0
1998,Экспорт,3.0
1998,"Тээвэр, хадгалалтын хорогдол",
1999,Үйлдвэрлэсэн,4964.0
1999,Импорт,30.0
1999,Нийт хэрэглээ,5017.0
1999,ДЦС-д хэрэглэсэн,4127.0
1999,ААНБ болон өрхөд нийлүүлсэн,890.0
1999,Экспорт,0.0
1999,"Тээвэр, хадгалалтын хорогдол",
2000,Үйлдвэрлэсэн,5185.0
2000,Импорт,43.0
2000,Нийт хэрэглээ,5212.0
2000,ДЦС-д хэрэглэсэн,4449.0
2000,ААНБ болон өрхөд нийлүүлсэн,763.0
2000,Экспорт,0.0
2000,"Тээвэр, хадгалалтын хорогдол",
2001,Үйлдвэрлэсэн,5141.0
2001,Импорт,10.0
2001,Нийт хэрэглээ,5189.0
2001,ДЦС-д хэрэглэсэн,4324.0
2001,ААНБ болон өрхөд нийлүүлсэн,865.0
2001,Экспорт,0.0
2001,"Тээвэр, хадгалалтын хорогдол",
2002,Үйлдвэрлэсэн,5544.4
2002,Импорт,0.1
2002,Нийт хэрэглээ,5535.3
2002,ДЦС-д хэрэглэсэн,4723.2
2002,ААНБ болон өрхөд нийлүүлсэн,812.1
2002,Экспорт,0.0
2002,"Тээвэр, хадгалалтын хорогдол",
2003,Үйлдвэрлэсэн,5666.1
2003,Импорт,0.3
2003,Нийт хэрэглээ,5161.7
2003,ДЦС-д хэрэглэсэн,4380.2
2003,ААНБ болон өрхөд нийлүүлсэн,781.5
2003,Экспорт,435.4
2003,"Тээвэр, хадгалалтын хорогдол",
2004,Үйлдвэрлэсэн,6865.0
2004,Импорт,0.3
2004,Нийт хэрэглээ,5188.5
2004,ДЦС-д хэрэглэсэн,4478.6
2004,ААНБ болон өрхөд нийлүүлсэн,709.9
2004,Экспорт,1560.4
2004,"Тээвэр, хадгалалтын хорогдол",
2005,Үйлдвэрлэсэн,7517.1
2005,Импорт,0.4
2005,Нийт хэрэглээ,5472.6
2005,ДЦС-д хэрэглэсэн,4619.6
2005,ААНБ болон өрхөд нийлүүлсэн,853.0
2005,Экспорт,2116.2
2005,"Тээвэр, хадгалалтын хорогдол",
2006,Үйлдвэрлэсэн,8074.1
2006,Импорт,0.2
2006,Нийт хэрэглээ,5691.2
2006,ДЦС-д хэрэглэсэн,4595.2
2006,ААНБ болон өрхөд нийлүүлсэн,1096.0
2006,Экспорт,2456.6
2006,"Тээвэр, хадгалалтын хорогдол",
2007,Үйлдвэрлэсэн,9237.6
2007,Импорт,0.6
2007,Нийт хэрэглээ,5906.1
2007,ДЦС-д хэрэглэсэн,4935.1
2007,ААНБ болон өрхөд нийлүүлсэн,971.0
2007,Экспорт,3268.1
2007,"Тээвэр, хадгалалтын хорогдол",
2008,Үйлдвэрлэсэн,10071.9
2008,Импорт,0.5
2008,Нийт хэрэглээ,5843.2
2008,ДЦС-д хэрэглэсэн,4849.9
2008,ААНБ болон өрхөд нийлүүлсэн,993.3
2008,Экспорт,4169.3
2008,"Тээвэр, хадгалалтын хорогдол",
2009,Үйлдвэрлэсэн,14442.1
2009,Импорт,0.2
2009,Нийт хэрэглээ,6426.2
2009,ДЦС-д хэрэглэсэн,5077.9
2009,ААНБ болон өрхөд нийлүүлсэн,1348.3
2009,Экспорт,7113.2
2009,"Тээвэр, хадгалалтын хорогдол",
2010,Үйлдвэрлэсэн,25161.9
2010,Импорт,0.2
2010,Нийт хэрэглээ,6682.2
2010,ДЦС-д хэрэглэсэн,5533.2
2010,ААНБ болон өрхөд нийлүүлсэн,1149.0
2010,Экспорт,16726.2
2010,"Тээвэр, хадгалалтын хорогдол",121.2
2011,Үйлдвэрлэсэн,27035.3
2011,Импорт,0.1
2011,Нийт хэрэглээ,5646.1
2011,ДЦС-д хэрэглэсэн,4485.9
2011,ААНБ болон өрхөд нийлүүлсэн,1160.2
2011,Экспорт,21296.0
2011,"Тээвэр, хадгалалтын хорогдол",53.1
2012,Үйлдвэрлэсэн,25358.4
2012,Импорт,0.3
2012,Нийт хэрэглээ,5338.2
2012,ДЦС-д хэрэглэсэн,4241.3
2012,ААНБ болон өрхөд нийлүүлсэн,1096.9
2012,Экспорт,20915.5
2012,"Тээвэр, хадгалалтын хорогдол",80.1
2013,Үйлдвэрлэсэн,25908.6
2013,Импорт,0.7
2013,Нийт хэрэглээ,5329.6
2013,ДЦС-д хэрэглэсэн,4236.9
2013,ААНБ болон өрхөд нийлүүлсэн,1092.7
2013,Экспорт,18373.1
2013,"Тээвэр, хадгалалтын хорогдол",97.5
2014,Үйлдвэрлэсэн,22888.0
2014,Импорт,1.4
2014,Нийт хэрэглээ,5448.2
2014,ДЦС-д хэрэглэсэн,4555.8
2014,ААНБ болон өрхөд нийлүүлсэн,892.4
2014,Экспорт,19499.0
2014,"Тээвэр, хадгалалтын хорогдол",154.7
2015,Үйлдвэрлэсэн,22783.4
2015,Импорт,0.8
2015,Нийт хэрэглээ,5731.9
2015,ДЦС-д хэрэглэсэн,5016.3
2015,ААНБ болон өрхөд нийлүүлсэн,715.6
2015,Экспорт,14472.6
2015,"Тээвэр, хадгалалтын хорогдол",115.7
2016,Үйлдвэрлэсэн,34552.8
2016,Импорт,0.5
2016,Нийт хэрэглээ,6874.6
2016,ДЦС-д хэрэглэсэн,5516.0
2016,ААНБ болон өрхөд нийлүүлсэн,1358.6
2016,Экспорт,25810.6
2016,"Тээвэр, хадгалалтын хорогдол",199.5
2017,Үйлдвэрлэсэн,45638.8
2017,Импорт,1.8
2017,Нийт хэрэглээ,7230.1
2017,ДЦС-д хэрэглэсэн,6094.8
2017,ААНБ болон өрхөд нийлүүлсэн,1135.3
2017,Экспорт,33399.4
2017,"Тээвэр, хадгалалтын хорогдол",353.5
2018,Үйлдвэрлэсэн,43435.7
2018,Импорт,2.1
2018,Нийт хэрэглээ,6897.7
2018,ДЦС-д хэрэглэсэн,5608.1
2018,ААНБ болон өрхөд нийлүүлсэн,1289.6
2018,Экспорт,36264.7
2018,"Тээвэр, хадгалалтын хорогдол",372.4
2019,Үйлдвэрлэсэн,43554.9
2019,Импорт,53.9
2019,Нийт хэрэглээ,6585.5
2019,ДЦС-д хэрэглэсэн,5196.4
2019,ААНБ болон өрхөд нийлүүлсэн,1389.2
2019,Экспорт,36604.1
2019,"Тээвэр, хадгалалтын хорогдол",312.1
2020,Үйлдвэрлэсэн,37806.7
2020,Импорт,4.5
2020,Нийт хэрэглээ,5830.1
2020,ДЦС-д хэрэглэсэн,4941.9
2020,ААНБ болон өрхөд нийлүүлсэн,888.3
2020,Экспорт,28676.9
2020,"Тээвэр, хадгалалтын хорогдол",364.8
2021,Үйлдвэрлэсэн,28645.0
2021,Импорт,9.0
2021,Нийт хэрэглээ,5955.1
2021,ДЦС-д хэрэглэсэн,5015.7
2021,ААНБ болон өрхөд нийлүүлсэн,939.5
2021,Экспорт,16117.6
2021,"Тээвэр, хадгалалтын хорогдол",402.0
2022,Үйлдвэрлэсэн,33874.5
2022,Импорт,26.1
2022,Нийт хэрэглээ,6593.8
2022,ДЦС-д хэрэглэсэн,5628.8
2022,ААНБ болон өрхөд нийлүүлсэн,965.1
2022,Экспорт,31821.6
2022,"Тээвэр, хадгалалтын хорогдол",113.5
2023,Үйлдвэрлэсэн,74283.7
2023,Импорт,22.8
2023,Нийт хэрэглээ,8604.7
2023,ДЦС-д хэрэглэсэн,7389.5
2023,ААНБ болон өрхөд нийлүүлсэн,1215.2
2023,Экспорт,69612.5
2023,"Тээвэр, хадгалалтын хорогдол",185.1
2024,Үйлдвэрлэсэн,95055.8
2024,Импорт,9.3
2024,Нийт хэрэглээ,10162.0
2024,ДЦС-д хэрэглэсэн,8540.4
2024,ААНБ болон өрхөд нийлүүлсэн,1621.6
2024,Экспорт,83754.7
2024,"Тээвэр, хадгалалтын хорогдол",492.4
