үзүүлэлт,байршил,он,хувь
Ядуурлын хамралтын хүрээ,Улсын дундаж,1995,36.3
Ядуурлын хамралтын хүрээ,Хот,1995,38.5
Ядуурлын хамралтын хүрээ,Хөдөө,1995,33.1
Ядуурлын гүнзгийрэлт,Улсын дундаж,1995,10.9
Ядуурлын гүнзгийрэлт,Хот,1995,12.2
Ядуурлын гүнзгийрэлт,Хөдөө,1995,8.9
Ядуурлын мэдрэмж,Улсын дундаж,1995,4.8
Ядуурлын мэдрэмж,Хот,1995,5.7
Ядуурлын мэдрэмж,Хөдөө,1995,3.6
Ядуурлын хамралтын хүрээ,Улсын дундаж,1998,35.6
Ядуурлын хамралтын хүрээ,Хот,1998,39.4
Ядуурлын хамралтын хүрээ,Хөдөө,1998,32.6
Ядуурлын гүнзгийрэлт,Улсын дундаж,1998,11.7
Ядуурлын гүнзгийрэлт,Хот,1998,13.9
Ядуурлын гүнзгийрэлт,Хөдөө,1998,9.8
Ядуурлын мэдрэмж,Улсын дундаж,1998,5.6
Ядуурлын мэдрэмж,Хот,1998,7.1
Ядуурлын мэдрэмж,Хөдөө,1998,4.4
Ядуурлын хамралтын хүрээ,Улсын дундаж,2003,36.1
Ядуурлын хамралтын хүрээ,Хот,2003,30.3
Ядуурлын хамралтын хүрээ,Хөдөө,2003,43.4
Ядуурлын хамралтын хүрээ,Баруун бүс,2003,51.1
Ядуурлын хамралтын хүрээ,Хангайн бүс,2003,38.7
Ядуурлын хамралтын хүрээ,Төвийн бүс,2003,34.4
Ядуурлын хамралтын хүрээ,Зүүн бүс,2003,34.5
Ядуурлын хамралтын хүрээ,Улаанбаатар,2003,27.3
Ядуурлын хамралтын хүрээ,Аймгийн төв,2003,33.9
Ядуурлын хамралтын хүрээ,Сумын төв,2003,44.5
Ядуурлын хамралтын хүрээ,Хөдөө нутаг,2003,42.7
Ядуурлын гүнзгийрэлт,Улсын дундаж,2003,11.0
Ядуурлын гүнзгийрэлт,Хот,2003,9.2
Ядуурлын гүнзгийрэлт,Хөдөө,2003,13.2
Ядуурлын гүнзгийрэлт,Баруун бүс,2003,14.6
Ядуурлын гүнзгийрэлт,Хангайн бүс,2003,12.3
Ядуурлын гүнзгийрэлт,Төвийн бүс,2003,10.1
Ядуурлын гүнзгийрэлт,Зүүн бүс,2003,12.4
Ядуурлын гүнзгийрэлт,Улаанбаатар,2003,8.1
Ядуурлын гүнзгийрэлт,Аймгийн төв,2003,10.5
Ядуурлын гүнзгийрэлт,Сумын төв,2003,14.4
Ядуурлын гүнзгийрэлт,Хөдөө нутаг,2003,12.6
Ядуурлын мэдрэмж,Улсын дундаж,2003,4.7
Ядуурлын мэдрэмж,Хот,2003,4.0
Ядуурлын мэдрэмж,Хөдөө,2003,5.6
Ядуурлын мэдрэмж,Баруун бүс,2003,5.7
Ядуурлын мэдрэмж,Хангайн бүс,2003,5.2
Ядуурлын мэдрэмж,Төвийн бүс,2003,4.3
Ядуурлын мэдрэмж,Зүүн бүс,2003,6.6
Ядуурлын мэдрэмж,Улаанбаатар,2003,3.3
Ядуурлын мэдрэмж,Аймгийн төв,2003,4.7
Ядуурлын мэдрэмж,Сумын төв,2003,6.4
Ядуурлын мэдрэмж,Хөдөө нутаг,2003,5.1
Ядуурлын хамралтын хүрээ,Улсын дундаж,2008,35.2
Ядуурлын хамралтын хүрээ,Хот,2008,26.9
Ядуурлын хамралтын хүрээ,Хөдөө,2008,46.6
Ядуурлын хамралтын хүрээ,Баруун бүс,2008,47.1
Ядуурлын хамралтын хүрээ,Хангайн бүс,2008,46.6
Ядуурлын хамралтын хүрээ,Төвийн бүс,2008,30.7
Ядуурлын хамралтын хүрээ,Зүүн бүс,2008,46.7
Ядуурлын хамралтын хүрээ,Улаанбаатар,2008,21.9
Ядуурлын хамралтын хүрээ,Аймгийн төв,2008,34.9
Ядуурлын хамралтын хүрээ,Сумын төв,2008,42.0
Ядуурлын хамралтын хүрээ,Хөдөө нутаг,2008,49.7
Ядуурлын гүнзгийрэлт,Улсын дундаж,2008,10.1
Ядуурлын гүнзгийрэлт,Хот,2008,7.7
Ядуурлын гүнзгийрэлт,Хөдөө,2008,13.4
Ядуурлын гүнзгийрэлт,Баруун бүс,2008,12.8
Ядуурлын гүнзгийрэлт,Хангайн бүс,2008,13.6
Ядуурлын гүнзгийрэлт,Төвийн бүс,2008,8.4
Ядуурлын гүнзгийрэлт,Зүүн бүс,2008,14.9
Ядуурлын гүнзгийрэлт,Улаанбаатар,2008,6.3
Ядуурлын гүнзгийрэлт,Аймгийн төв,2008,9.9
Ядуурлын гүнзгийрэлт,Сумын төв,2008,12.7
Ядуурлын гүнзгийрэлт,Хөдөө нутаг,2008,13.9
Ядуурлын мэдрэмж,Улсын дундаж,2008,4.0
Ядуурлын мэдрэмж,Хот,2008,3.1
Ядуурлын мэдрэмж,Хөдөө,2008,5.2
Ядуурлын мэдрэмж,Баруун бүс,2008,4.7
Ядуурлын мэдрэмж,Хангайн бүс,2008,5.3
Ядуурлын мэдрэмж,Төвийн бүс,2008,3.3
Ядуурлын мэдрэмж,Зүүн бүс,2008,6.6
Ядуурлын мэдрэмж,Улаанбаатар,2008,2.6
Ядуурлын мэдрэмж,Аймгийн төв,2008,3.9
Ядуурлын мэдрэмж,Сумын төв,2008,5.2
Ядуурлын мэдрэмж,Хөдөө нутаг,2008,5.3
Ядуурлын хамралтын хүрээ,Улсын дундаж,2009,38.7
Ядуурлын хамралтын хүрээ,Хот,2009,30.6
Ядуурлын хамралтын хүрээ,Хөдөө,2009,49.6
Ядуурлын хамралтын хүрээ,Баруун бүс,2009,48.7
Ядуурлын хамралтын хүрээ,Хангайн бүс,2009,55.2
Ядуурлын хамралтын хүрээ,Төвийн бүс,2009,29.3
Ядуурлын хамралтын хүрээ,Зүүн бүс,2009,43.8
Ядуурлын хамралтын хүрээ,Улаанбаатар,2009,26.7
Ядуурлын хамралтын хүрээ,Аймгийн төв,2009,37.0
Ядуурлын хамралтын хүрээ,Сумын төв,2009,42.6
Ядуурлын хамралтын хүрээ,Хөдөө нутаг,2009,53.2
Ядуурлын гүнзгийрэлт,Улсын дундаж,2009,10.6
Ядуурлын гүнзгийрэлт,Хот,2009,7.9
Ядуурлын гүнзгийрэлт,Хөдөө,2009,14.4
Ядуурлын гүнзгийрэлт,Баруун бүс,2009,12.5
Ядуурлын гүнзгийрэлт,Хангайн бүс,2009,17.4
Ядуурлын гүнзгийрэлт,Төвийн бүс,2009,7.7
Ядуурлын гүнзгийрэлт,Зүүн бүс,2009,12.4
Ядуурлын гүнзгийрэлт,Улаанбаатар,2009,6.4
Ядуурлын гүнзгийрэлт,Аймгийн төв,2009,10.3
Ядуурлын гүнзгийрэлт,Сумын төв,2009,12.9
Ядуурлын гүнзгийрэлт,Хөдөө нутаг,2009,15.1
Ядуурлын мэдрэмж,Улсын дундаж,2009,4.1
Ядуурлын мэдрэмж,Хот,2009,2.9
Ядуурлын мэдрэмж,Хөдөө,2009,5.6
Ядуурлын мэдрэмж,Баруун бүс,2009,4.6
Ядуурлын мэдрэмж,Хангайн бүс,2009,7.2
Ядуурлын мэдрэмж,Төвийн бүс,2009,2.8
Ядуурлын мэдрэмж,Зүүн бүс,2009,4.8
Ядуурлын мэдрэмж,Улаанбаатар,2009,2.3
Ядуурлын мэдрэмж,Аймгийн төв,2009,4.0
Ядуурлын мэдрэмж,Сумын төв,2009,5.3
Ядуурлын мэдрэмж,Хөдөө нутаг,2009,5.8
Ядуурлын хамралтын хүрээ,Улсын дундаж,2010,38.8
Ядуурлын хамралтын хүрээ,Хот,2010,33.2
Ядуурлын хамралтын хүрээ,Хөдөө,2010,49.0
Ядуурлын хамралтын хүрээ,Баруун бүс,2010,52.7
Ядуурлын хамралтын хүрээ,Хангайн бүс,2010,51.9
Ядуурлын хамралтын хүрээ,Төвийн бүс,2010,29.9
Ядуурлын хамралтын хүрээ,Зүүн бүс,2010,42.3
Ядуурлын хамралтын хүрээ,Улаанбаатар,2010,31.2
Ядуурлын хамралтын хүрээ,Аймгийн төв,2010,37.3
Ядуурлын хамралтын хүрээ,Сумын төв,2010,39.7
Ядуурлын хамралтын хүрээ,Хөдөө нутаг,2010,56.1
Ядуурлын гүнзгийрэлт,Улсын дундаж,2010,11.5
Ядуурлын гүнзгийрэлт,Хот,2010,9.4
Ядуурлын гүнзгийрэлт,Хөдөө,2010,15.2
Ядуурлын гүнзгийрэлт,Баруун бүс,2010,16.9
Ядуурлын гүнзгийрэлт,Хангайн бүс,2010,16.1
Ядуурлын гүнзгийрэлт,Төвийн бүс,2010,8.3
Ядуурлын гүнзгийрэлт,Зүүн бүс,2010,13.2
Ядуурлын гүнзгийрэлт,Улаанбаатар,2010,8.5
Ядуурлын гүнзгийрэлт,Аймгийн төв,2010,11.2
Ядуурлын гүнзгийрэлт,Сумын төв,2010,11.9
Ядуурлын гүнзгийрэлт,Хөдөө нутаг,2010,17.7
Ядуурлын мэдрэмж,Улсын дундаж,2010,4.6
Ядуурлын мэдрэмж,Хот,2010,3.7
Ядуурлын мэдрэмж,Хөдөө,2010,6.4
Ядуурлын мэдрэмж,Баруун бүс,2010,7.2
Ядуурлын мэдрэмж,Хангайн бүс,2010,6.8
Ядуурлын мэдрэмж,Төвийн бүс,2010,3.2
Ядуурлын мэдрэмж,Зүүн бүс,2010,5.6
Ядуурлын мэдрэмж,Улаанбаатар,2010,3.2
Ядуурлын мэдрэмж,Аймгийн төв,2010,4.6
Ядуурлын мэдрэмж,Сумын төв,2010,4.9
Ядуурлын мэдрэмж,Хөдөө нутаг,2010,7.5
Ядуурлын хамралтын хүрээ,Улсын дундаж,2011,33.7
Ядуурлын хамралтын хүрээ,Хот,2011,28.7
Ядуурлын хамралтын хүрээ,Хөдөө,2011,43.2
Ядуурлын хамралтын хүрээ,Баруун бүс,2011,40.5
Ядуурлын хамралтын хүрээ,Хангайн бүс,2011,49.1
Ядуурлын хамралтын хүрээ,Төвийн бүс,2011,28.1
Ядуурлын хамралтын хүрээ,Зүүн бүс,2011,40.0
Ядуурлын хамралтын хүрээ,Улаанбаатар,2011,25.8
Ядуурлын хамралтын хүрээ,Аймгийн төв,2011,34.6
Ядуурлын хамралтын хүрээ,Сумын төв,2011,35.8
Ядуурлын хамралтын хүрээ,Хөдөө нутаг,2011,47.2
Ядуурлын гүнзгийрэлт,Улсын дундаж,2011,9.2
Ядуурлын гүнзгийрэлт,Хот,2011,7.7
Ядуурлын гүнзгийрэлт,Хөдөө,2011,11.8
Ядуурлын гүнзгийрэлт,Баруун бүс,2011,11.2
Ядуурлын гүнзгийрэлт,Хангайн бүс,2011,13.6
Ядуурлын гүнзгийрэлт,Төвийн бүс,2011,7.4
Ядуурлын гүнзгийрэлт,Зүүн бүс,2011,12.1
Ядуурлын гүнзгийрэлт,Улаанбаатар,2011,6.6
Ядуурлын гүнзгийрэлт,Аймгийн төв,2011,9.9
Ядуурлын гүнзгийрэлт,Сумын төв,2011,9.9
Ядуурлын гүнзгийрэлт,Хөдөө нутаг,2011,12.8
Ядуурлын мэдрэмж,Улсын дундаж,2011,3.5
Ядуурлын мэдрэмж,Хот,2011,3.0
Ядуурлын мэдрэмж,Хөдөө,2011,4.5
Ядуурлын мэдрэмж,Баруун бүс,2011,4.4
Ядуурлын мэдрэмж,Хангайн бүс,2011,5.2
Ядуурлын мэдрэмж,Төвийн бүс,2011,2.8
Ядуурлын мэдрэмж,Зүүн бүс,2011,5.0
Ядуурлын мэдрэмж,Улаанбаатар,2011,2.5
Ядуурлын мэдрэмж,Аймгийн төв,2011,4.0
Ядуурлын мэдрэмж,Сумын төв,2011,3.9
Ядуурлын мэдрэмж,Хөдөө нутаг,2011,4.8
Ядуурлын хамралтын хүрээ,Улсын дундаж,2012,27.4
Ядуурлын хамралтын хүрээ,Хот,2012,23.3
Ядуурлын хамралтын хүрээ,Хөдөө,2012,35.4
Ядуурлын хамралтын хүрээ,Баруун бүс,2012,32.3
Ядуурлын хамралтын хүрээ,Хангайн бүс,2012,38.5
Ядуурлын хамралтын хүрээ,Төвийн бүс,2012,28.2
Ядуурлын хамралтын хүрээ,Зүүн бүс,2012,33.4
Ядуурлын хамралтын хүрээ,Улаанбаатар,2012,19.9
Ядуурлын хамралтын хүрээ,Аймгийн төв,2012,30.4
Ядуурлын хамралтын хүрээ,Сумын төв,2012,27.5
Ядуурлын хамралтын хүрээ,Хөдөө нутаг,2012,39.6
Ядуурлын гүнзгийрэлт,Улсын дундаж,2012,7.1
Ядуурлын гүнзгийрэлт,Хот,2012,6.2
Ядуурлын гүнзгийрэлт,Хөдөө,2012,8.8
Ядуурлын гүнзгийрэлт,Баруун бүс,2012,7.7
Ядуурлын гүнзгийрэлт,Хангайн бүс,2012,10.1
Ядуурлын гүнзгийрэлт,Төвийн бүс,2012,7.2
Ядуурлын гүнзгийрэлт,Зүүн бүс,2012,9.8
Ядуурлын гүнзгийрэлт,Улаанбаатар,2012,5.1
Ядуурлын гүнзгийрэлт,Аймгийн төв,2012,8.4
Ядуурлын гүнзгийрэлт,Сумын төв,2012,7.3
Ядуурлын гүнзгийрэлт,Хөдөө нутаг,2012,9.6
Ядуурлын мэдрэмж,Улсын дундаж,2012,2.7
Ядуурлын мэдрэмж,Хот,2012,2.4
Ядуурлын мэдрэмж,Хөдөө,2012,3.2
Ядуурлын мэдрэмж,Баруун бүс,2012,2.6
Ядуурлын мэдрэмж,Хангайн бүс,2012,3.7
Ядуурлын мэдрэмж,Төвийн бүс,2012,2.7
Ядуурлын мэдрэмж,Зүүн бүс,2012,4.0
Ядуурлын мэдрэмж,Улаанбаатар,2012,2.0
Ядуурлын мэдрэмж,Аймгийн төв,2012,3.3
Ядуурлын мэдрэмж,Сумын төв,2012,2.8
Ядуурлын мэдрэмж,Хөдөө нутаг,2012,3.3
Ядуурлын хамралтын хүрээ,Улсын дундаж,2014,21.6
Ядуурлын хамралтын хүрээ,Хот,2014,18.8
Ядуурлын хамралтын хүрээ,Хөдөө,2014,26.4
Ядуурлын хамралтын хүрээ,Баруун бүс,2014,26.0
Ядуурлын хамралтын хүрээ,Хангайн бүс,2014,25.3
Ядуурлын хамралтын хүрээ,Төвийн бүс,2014,22.2
Ядуурлын хамралтын хүрээ,Зүүн бүс,2014,31.4
Ядуурлын хамралтын хүрээ,Улаанбаатар,2014,16.4
Ядуурлын хамралтын хүрээ,Аймгийн төв,2014,23.8
Ядуурлын хамралтын хүрээ,Сумын төв,2014,24.7
Ядуурлын хамралтын хүрээ,Хөдөө нутаг,2014,27.9
Ядуурлын гүнзгийрэлт,Улсын дундаж,2014,5.2
Ядуурлын гүнзгийрэлт,Хот,2014,4.9
Ядуурлын гүнзгийрэлт,Хөдөө,2014,5.8
Ядуурлын гүнзгийрэлт,Баруун бүс,2014,5.3
Ядуурлын гүнзгийрэлт,Хангайн бүс,2014,5.4
Ядуурлын гүнзгийрэлт,Төвийн бүс,2014,5.5
Ядуурлын гүнзгийрэлт,Зүүн бүс,2014,8.6
Ядуурлын гүнзгийрэлт,Улаанбаатар,2014,4.5
Ядуурлын гүнзгийрэлт,Аймгийн төв,2014,5.8
Ядуурлын гүнзгийрэлт,Сумын төв,2014,5.7
Ядуурлын гүнзгийрэлт,Хөдөө нутаг,2014,6.0
Ядуурлын мэдрэмж,Улсын дундаж,2014,1.9
Ядуурлын мэдрэмж,Хот,2014,1.9
Ядуурлын мэдрэмж,Хөдөө,2014,2.0
Ядуурлын мэдрэмж,Баруун бүс,2014,1.7
Ядуурлын мэдрэмж,Хангайн бүс,2014,1.7
Ядуурлын мэдрэмж,Төвийн бүс,2014,2.1
Ядуурлын мэдрэмж,Зүүн бүс,2014,3.3
Ядуурлын мэдрэмж,Улаанбаатар,2014,1.7
Ядуурлын мэдрэмж,Аймгийн төв,2014,2.1
Ядуурлын мэдрэмж,Сумын төв,2014,2.0
Ядуурлын мэдрэмж,Хөдөө нутаг,2014,1.9
Ядуурлын хамралтын хүрээ,Улсын дундаж,2016,29.6
Ядуурлын хамралтын хүрээ,Хот,2016,27.1
Ядуурлын хамралтын хүрээ,Хөдөө,2016,34.9
Ядуурлын хамралтын хүрээ,Баруун бүс,2016,36.0
Ядуурлын хамралтын хүрээ,Хангайн бүс,2016,33.6
Ядуурлын хамралтын хүрээ,Төвийн бүс,2016,26.8
Ядуурлын хамралтын хүрээ,Зүүн бүс,2016,43.9
Ядуурлын хамралтын хүрээ,Улаанбаатар,2016,24.8
Ядуурлын хамралтын хүрээ,Аймгийн төв,2016,31.8
Ядуурлын хамралтын хүрээ,Сумын төв,2016,32.3
Ядуурлын хамралтын хүрээ,Хөдөө нутаг,2016,38.0
Ядуурлын гүнзгийрэлт,Улсын дундаж,2016,7.7
Ядуурлын гүнзгийрэлт,Хот,2016,7.2
Ядуурлын гүнзгийрэлт,Хөдөө,2016,8.8
Ядуурлын гүнзгийрэлт,Баруун бүс,2016,9.7
Ядуурлын гүнзгийрэлт,Хангайн бүс,2016,8.2
Ядуурлын гүнзгийрэлт,Төвийн бүс,2016,7.0
Ядуурлын гүнзгийрэлт,Зүүн бүс,2016,12.5
Ядуурлын гүнзгийрэлт,Улаанбаатар,2016,6.4
Ядуурлын гүнзгийрэлт,Аймгийн төв,2016,8.8
Ядуурлын гүнзгийрэлт,Сумын төв,2016,8.5
Ядуурлын гүнзгийрэлт,Хөдөө нутаг,2016,9.2
Ядуурлын мэдрэмж,Улсын дундаж,2016,2.9
Ядуурлын мэдрэмж,Хот,2016,2.8
Ядуурлын мэдрэмж,Хөдөө,2016,3.2
Ядуурлын мэдрэмж,Баруун бүс,2016,3.7
Ядуурлын мэдрэмж,Хангайн бүс,2016,2.9
Ядуурлын мэдрэмж,Төвийн бүс,2016,2.7
Ядуурлын мэдрэмж,Зүүн бүс,2016,4.8
Ядуурлын мэдрэмж,Улаанбаатар,2016,2.5
Ядуурлын мэдрэмж,Аймгийн төв,2016,3.4
Ядуурлын мэдрэмж,Сумын төв,2016,3.2
Ядуурлын мэдрэмж,Хөдөө нутаг,2016,3.2
Ядуурлын хамралтын хүрээ,Улсын дундаж,2018,28.4
Ядуурлын хамралтын хүрээ,Хот,2018,27.2
Ядуурлын хамралтын хүрээ,Хөдөө,2018,30.8
Ядуурлын хамралтын хүрээ,Баруун бүс,2018,31.8
Ядуурлын хамралтын хүрээ,Хангайн бүс,2018,30.8
Ядуурлын хамралтын хүрээ,Төвийн бүс,2018,26.1
Ядуурлын хамралтын хүрээ,Зүүн бүс,2018,37.4
Ядуурлын хамралтын хүрээ,Улаанбаатар,2018,25.9
Ядуурлын хамралтын хүрээ,Аймгийн төв,2018,30.1
Ядуурлын хамралтын хүрээ,Сумын төв,2018,28.9
Ядуурлын хамралтын хүрээ,Хөдөө нутаг,2018,32.9
Ядуурлын гүнзгийрэлт,Улсын дундаж,2018,7.2
Ядуурлын гүнзгийрэлт,Хот,2018,7.2
Ядуурлын гүнзгийрэлт,Хөдөө,2018,7.2
Ядуурлын гүнзгийрэлт,Баруун бүс,2018,7.8
Ядуурлын гүнзгийрэлт,Хангайн бүс,2018,7.3
Ядуурлын гүнзгийрэлт,Төвийн бүс,2018,6.6
Ядуурлын гүнзгийрэлт,Зүүн бүс,2018,10.0
Ядуурлын гүнзгийрэлт,Улаанбаатар,2018,6.7
Ядуурлын гүнзгийрэлт,Аймгийн төв,2018,8.2
Ядуурлын гүнзгийрэлт,Сумын төв,2018,7.0
Ядуурлын гүнзгийрэлт,Хөдөө нутаг,2018,7.4
Ядуурлын мэдрэмж,Улсын дундаж,2018,2.7
Ядуурлын мэдрэмж,Хот,2018,2.8
Ядуурлын мэдрэмж,Хөдөө,2018,2.4
Ядуурлын мэдрэмж,Баруун бүс,2018,2.8
Ядуурлын мэдрэмж,Хангайн бүс,2018,2.5
Ядуурлын мэдрэмж,Төвийн бүс,2018,2.4
Ядуурлын мэдрэмж,Зүүн бүс,2018,3.7
Ядуурлын мэдрэмж,Улаанбаатар,2018,2.6
Ядуурлын мэдрэмж,Аймгийн төв,2018,3.2
Ядуурлын мэдрэмж,Сумын төв,2018,2.4
Ядуурлын мэдрэмж,Хөдөө нутаг,2018,2.4
Ядуурлын хамралтын хүрээ,Улсын дундаж,2020,27.8
Ядуурлын хамралтын хүрээ,Хот,2020,26.5
Ядуурлын хамралтын хүрээ,Хөдөө,2020,30.5
Ядуурлын хамралтын хүрээ,Баруун бүс,2020,31.5
Ядуурлын хамралтын хүрээ,Хангайн бүс,2020,31.4
Ядуурлын хамралтын хүрээ,Төвийн бүс,2020,25.2
Ядуурлын хамралтын хүрээ,Зүүн бүс,2020,33.3
Ядуурлын хамралтын хүрээ,Улаанбаатар,2020,25.4
Ядуурлын хамралтын хүрээ,Аймгийн төв,2020,29.1
Ядуурлын хамралтын хүрээ,Сумын төв,2020,30.5
Ядуурлын хамралтын хүрээ,Хөдөө нутаг,2020,30.5
Ядуурлын гүнзгийрэлт,Улсын дундаж,2020,7.4
Ядуурлын гүнзгийрэлт,Хот,2020,7.3
Ядуурлын гүнзгийрэлт,Хөдөө,2020,7.5
Ядуурлын гүнзгийрэлт,Баруун бүс,2020,8.3
Ядуурлын гүнзгийрэлт,Хангайн бүс,2020,7.8
Ядуурлын гүнзгийрэлт,Төвийн бүс,2020,6.5
Ядуурлын гүнзгийрэлт,Зүүн бүс,2020,9.2
Ядуурлын гүнзгийрэлт,Улаанбаатар,2020,7.0
Ядуурлын гүнзгийрэлт,Аймгийн төв,2020,8.1
Ядуурлын гүнзгийрэлт,Сумын төв,2020,7.5
Ядуурлын гүнзгийрэлт,Хөдөө нутаг,2020,7.5
Ядуурлын мэдрэмж,Улсын дундаж,2020,2.8
Ядуурлын мэдрэмж,Хот,2020,2.9
Ядуурлын мэдрэмж,Хөдөө,2020,2.7
Ядуурлын мэдрэмж,Баруун бүс,2020,3.1
Ядуурлын мэдрэмж,Хангайн бүс,2020,2.8
Ядуурлын мэдрэмж,Төвийн бүс,2020,2.4
Ядуурлын мэдрэмж,Зүүн бүс,2020,3.6
Ядуурлын мэдрэмж,Улаанбаатар,2020,2.8
Ядуурлын мэдрэмж,Аймгийн төв,2020,3.2
Ядуурлын мэдрэмж,Сумын төв,2020,2.7
Ядуурлын мэдрэмж,Хөдөө нутаг,2020,2.7
Ядуурлын хамралтын хүрээ,Улсын дундаж,2022,27.1
Ядуурлын хамралтын хүрээ,Хот,2022,23.0
Ядуурлын хамралтын хүрээ,Хөдөө,2022,35.6
Ядуурлын хамралтын хүрээ,Баруун бүс,2022,36.5
Ядуурлын хамралтын хүрээ,Хангайн бүс,2022,33.5
Ядуурлын хамралтын хүрээ,Төвийн бүс,2022,24.6
Ядуурлын хамралтын хүрээ,Зүүн бүс,2022,35.3
Ядуурлын хамралтын хүрээ,Улаанбаатар,2022,21.6
Ядуурлын хамралтын хүрээ,Аймгийн төв,2022,26.1
Ядуурлын хамралтын хүрээ,Сумын төв,2022,30.6
Ядуурлын хамралтын хүрээ,Хөдөө нутаг,2022,41.2
Ядуурлын гүнзгийрэлт,Улсын дундаж,2022,6.5
Ядуурлын гүнзгийрэлт,Хот,2022,5.8
Ядуурлын гүнзгийрэлт,Хөдөө,2022,7.9
Ядуурлын гүнзгийрэлт,Баруун бүс,2022,7.9
Ядуурлын гүнзгийрэлт,Хангайн бүс,2022,7.8
Ядуурлын гүнзгийрэлт,Төвийн бүс,2022,5.2
Ядуурлын гүнзгийрэлт,Зүүн бүс,2022,8.8
Ядуурлын гүнзгийрэлт,Улаанбаатар,2022,5.7
Ядуурлын гүнзгийрэлт,Аймгийн төв,2022,6.1
Ядуурлын гүнзгийрэлт,Сумын төв,2022,7.0
Ядуурлын гүнзгийрэлт,Хөдөө нутаг,2022,9.0
Ядуурлын мэдрэмж,Улсын дундаж,2022,2.3
Ядуурлын мэдрэмж,Хот,2022,2.1
Ядуурлын мэдрэмж,Хөдөө,2022,2.6
Ядуурлын мэдрэмж,Баруун бүс,2022,2.6
Ядуурлын мэдрэмж,Хангайн бүс,2022,2.6
Ядуурлын мэдрэмж,Төвийн бүс,2022,1.7
Ядуурлын мэдрэмж,Зүүн бүс,2022,3.2
Ядуурлын мэдрэмж,Улаанбаатар,2022,2.1
Ядуурлын мэдрэмж,Аймгийн төв,2022,2.1
Ядуурлын мэдрэмж,Сумын төв,2022,2.4
Ядуурлын мэдрэмж,Хөдөө нутаг,2022,2.9
