sex,region,year,students
Female,Arkhangai,2010,1693.0
Female,Bayan-Ulgii,2010,611.0
Female,Bayankhongor,2010,186.0
Female,Bulgan,2010,
Female,Central region,2010,5168.0
Female,Darkhan-Uul,2010,4390.0
Female,Dornod,2010,723.0
Female,Dornogovi,2010,778.0
Female,Dundgovi,2010,
Female,Eastern region,2010,859.0
Female,Govi-Altai,2010,1067.0
Female,Govisumber,2010,
Female,Khangai region,2010,4321.0
Female,Khentii,2010,
Female,Khovd,2010,1779.0
Female,Khuvsgul,2010,310.0
Female,Orkhon,2010,1774.0
Female,Selenge,2010,
Female,Sukhbaatar,2010,136.0
Female,Total,2010,101455.0
Female,Tuv,2010,
Female,Ulaanbaatar,2010,87076.0
Female,Ulaanbaatar,2010,87076.0
Female,Umnugovi,2010,
Female,Uvs,2010,93.0
Female,Uvurkhangai,2010,358.0
Female,Western region,2010,4031.0
Female,Zavkhan,2010,481.0
Male,Arkhangai,2010,340.0
Male,Bayan-Ulgii,2010,167.0
Male,Bayankhongor,2010,64.0
Male,Bulgan,2010,
Male,Central region,2010,3283.0
Male,Darkhan-Uul,2010,3111.0
Male,Dornod,2010,78.0
Male,Dornogovi,2010,172.0
Male,Dundgovi,2010,
Male,Eastern region,2010,158.0
Male,Govi-Altai,2010,266.0
Male,Govisumber,2010,
Male,Khangai region,2010,1966.0
Male,Khentii,2010,
Male,Khovd,2010,820.0
Male,Khuvsgul,2010,102.0
Male,Orkhon,2010,1289.0
Male,Selenge,2010,
Male,Sukhbaatar,2010,80.0
Male,Total,2010,68671.0
Male,Tuv,2010,
Male,Ulaanbaatar,2010,61650.0
Male,Ulaanbaatar,2010,61650.0
Male,Umnugovi,2010,
Male,Uvs,2010,71.0
Male,Uvurkhangai,2010,171.0
Male,Western region,2010,1614.0
Male,Zavkhan,2010,290.0
Female,Arkhangai,2011,1530.0
Female,Bayan-Ulgii,2011,573.0
Female,Bayankhongor,2011,121.0
Female,Bulgan,2011,
Female,Central region,2011,4128.0
Female,Darkhan-Uul,2011,3509.0
Female,Dornod,2011,733.0
Female,Dornogovi,2011,619.0
Female,Dundgovi,2011,
Female,Eastern region,2011,857.0
Female,Govi-Altai,2011,542.0
Female,Govisumber,2011,
Female,Khangai region,2011,4013.0
Female,Khentii,2011,
Female,Khovd,2011,1862.0
Female,Khuvsgul,2011,281.0
Female,Orkhon,2011,1778.0
Female,Selenge,2011,
Female,Sukhbaatar,2011,124.0
Female,Total,2011,101557.0
Female,Tuv,2011,
Female,Ulaanbaatar,2011,89002.0
Female,Ulaanbaatar,2011,89002.0
Female,Umnugovi,2011,
Female,Uvs,2011,93.0
Female,Uvurkhangai,2011,303.0
Female,Western region,2011,3557.0
Female,Zavkhan,2011,487.0
Male,Arkhangai,2011,304.0
Male,Bayan-Ulgii,2011,153.0
Male,Bayankhongor,2011,36.0
Male,Bulgan,2011,
Male,Central region,2011,3321.0
Male,Darkhan-Uul,2011,3167.0
Male,Dornod,2011,68.0
Male,Dornogovi,2011,154.0
Male,Dundgovi,2011,
Male,Eastern region,2011,136.0
Male,Govi-Altai,2011,143.0
Male,Govisumber,2011,
Male,Khangai region,2011,1818.0
Male,Khentii,2011,
Male,Khovd,2011,831.0
Male,Khuvsgul,2011,101.0
Male,Orkhon,2011,1225.0
Male,Selenge,2011,
Male,Sukhbaatar,2011,68.0
Male,Total,2011,71241.0
Male,Tuv,2011,
Male,Ulaanbaatar,2011,64486.0
Male,Ulaanbaatar,2011,64486.0
Male,Umnugovi,2011,
Male,Uvs,2011,71.0
Male,Uvurkhangai,2011,152.0
Male,Western region,2011,1480.0
Male,Zavkhan,2011,282.0
Female,Arkhangai,2012,1465.0
Female,Bayan-Ulgii,2012,646.0
Female,Bayankhongor,2012,83.0
Female,Bulgan,2012,0.0
Female,Central region,2012,4320.0
Female,Darkhan-Uul,2012,3664.0
Female,Dornod,2012,689.0
Female,Dornogovi,2012,656.0
Female,Dundgovi,2012,0.0
Female,Eastern region,2012,816.0
Female,Govi-Altai,2012,571.0
Female,Govisumber,2012,0.0
Female,Khangai region,2012,3840.0
Female,Khentii,2012,0.0
Female,Khovd,2012,1954.0
Female,Khuvsgul,2012,253.0
Female,Orkhon,2012,1794.0
Female,Selenge,2012,0.0
Female,Sukhbaatar,2012,127.0
Female,Total,2012,102427.0
Female,Tuv,2012,0.0
Female,Ulaanbaatar,2012,102427.0
Female,Ulaanbaatar,2012,102427.0
Female,Umnugovi,2012,0.0
Female,Uvs,2012,172.0
Female,Uvurkhangai,2012,245.0
Female,Western region,2012,3819.0
Female,Zavkhan,2012,476.0
Male,Arkhangai,2012,256.0
Male,Bayan-Ulgii,2012,188.0
Male,Bayankhongor,2012,21.0
Male,Bulgan,2012,0.0
Male,Central region,2012,3310.0
Male,Darkhan-Uul,2012,3146.0
Male,Dornod,2012,69.0
Male,Dornogovi,2012,164.0
Male,Dundgovi,2012,0.0
Male,Eastern region,2012,142.0
Male,Govi-Altai,2012,142.0
Male,Govisumber,2012,0.0
Male,Khangai region,2012,1697.0
Male,Khentii,2012,0.0
Male,Khovd,2012,844.0
Male,Khuvsgul,2012,96.0
Male,Orkhon,2012,1203.0
Male,Selenge,2012,0.0
Male,Sukhbaatar,2012,73.0
Male,Total,2012,73164.0
Male,Tuv,2012,0.0
Male,Ulaanbaatar,2012,73164.0
Male,Ulaanbaatar,2012,73164.0
Male,Umnugovi,2012,0.0
Male,Uvs,2012,71.0
Male,Uvurkhangai,2012,121.0
Male,Western region,2012,1519.0
Male,Zavkhan,2012,274.0
Female,Arkhangai,2013,1245.0
Female,Bayan-Ulgii,2013,642.0
Female,Bayankhongor,2013,152.0
Female,Bulgan,2013,
Female,Central region,2013,3603.0
Female,Darkhan-Uul,2013,3058.0
Female,Dornod,2013,602.0
Female,Dornogovi,2013,545.0
Female,Dundgovi,2013,
Female,Eastern region,2013,602.0
Female,Govi-Altai,2013,578.0
Female,Govisumber,2013,
Female,Khangai region,2013,3526.0
Female,Khentii,2013,
Female,Khovd,2013,2009.0
Female,Khuvsgul,2013,232.0
Female,Orkhon,2013,1739.0
Female,Selenge,2013,
Female,Sukhbaatar,2013,
Female,Total,2013,101783.0
Female,Tuv,2013,
Female,Ulaanbaatar,2013,90232.0
Female,Ulaanbaatar,2013,90232.0
Female,Umnugovi,2013,
Female,Uvs,2013,146.0
Female,Uvurkhangai,2013,158.0
Female,Western region,2013,3820.0
Female,Zavkhan,2013,445.0
Male,Arkhangai,2013,209.0
Male,Bayan-Ulgii,2013,174.0
Male,Bayankhongor,2013,61.0
Male,Bulgan,2013,
Male,Central region,2013,2694.0
Male,Darkhan-Uul,2013,2556.0
Male,Dornod,2013,71.0
Male,Dornogovi,2013,138.0
Male,Dundgovi,2013,
Male,Eastern region,2013,71.0
Male,Govi-Altai,2013,132.0
Male,Govisumber,2013,
Male,Khangai region,2013,1785.0
Male,Khentii,2013,
Male,Khovd,2013,807.0
Male,Khuvsgul,2013,98.0
Male,Orkhon,2013,1345.0
Male,Selenge,2013,
Male,Sukhbaatar,2013,
Male,Total,2013,72292.0
Male,Tuv,2013,
Male,Ulaanbaatar,2013,66306.0
Male,Ulaanbaatar,2013,66306.0
Male,Umnugovi,2013,
Male,Uvs,2013,70.0
Male,Uvurkhangai,2013,72.0
Male,Western region,2013,1436.0
Male,Zavkhan,2013,253.0
Female,Arkhangai,2014,1069.0
Female,Bayan-Ulgii,2014,573.0
Female,Bayankhongor,2014,136.0
Female,Bulgan,2014,
Female,Central region,2014,3960.0
Female,Darkhan-Uul,2014,3425.0
Female,Dornod,2014,693.0
Female,Dornogovi,2014,535.0
Female,Dundgovi,2014,
Female,Eastern region,2014,693.0
Female,Govi-Altai,2014,505.0
Female,Govisumber,2014,
Female,Khangai region,2014,3112.0
Female,Khentii,2014,
Female,Khovd,2014,1990.0
Female,Khuvsgul,2014,209.0
Female,Orkhon,2014,1612.0
Female,Selenge,2014,
Female,Sukhbaatar,2014,
Female,Total,2014,102520.0
Female,Tuv,2014,
Female,Ulaanbaatar,2014,91162.0
Female,Ulaanbaatar,2014,91162.0
Female,Umnugovi,2014,
Female,Uvs,2014,142.0
Female,Uvurkhangai,2014,86.0
Female,Western region,2014,3593.0
Female,Zavkhan,2014,383.0
Male,Arkhangai,2014,145.0
Male,Bayan-Ulgii,2014,125.0
Male,Bayankhongor,2014,69.0
Male,Bulgan,2014,
Male,Central region,2014,2313.0
Male,Darkhan-Uul,2014,2203.0
Male,Dornod,2014,108.0
Male,Dornogovi,2014,110.0
Male,Dundgovi,2014,
Male,Eastern region,2014,108.0
Male,Govi-Altai,2014,136.0
Male,Govisumber,2014,
Male,Khangai region,2014,1495.0
Male,Khentii,2014,
Male,Khovd,2014,833.0
Male,Khuvsgul,2014,87.0
Male,Orkhon,2014,1147.0
Male,Selenge,2014,
Male,Sukhbaatar,2014,
Male,Total,2014,75775.0
Male,Tuv,2014,
Male,Ulaanbaatar,2014,70470.0
Male,Ulaanbaatar,2014,70470.0
Male,Umnugovi,2014,
Male,Uvs,2014,74.0
Male,Uvurkhangai,2014,47.0
Male,Western region,2014,1389.0
Male,Zavkhan,2014,221.0
Female,Arkhangai,2015,1090.0
Female,Bayan-Ulgii,2015,456.0
Female,Bayankhongor,2015,156.0
Female,Bulgan,2015,
Female,Central region,2015,3225.0
Female,Darkhan-Uul,2015,2678.0
Female,Dornod,2015,590.0
Female,Dornogovi,2015,547.0
Female,Dundgovi,2015,
Female,Eastern region,2015,590.0
Female,Govi-Altai,2015,468.0
Female,Govisumber,2015,
Female,Khangai region,2015,2865.0
Female,Khentii,2015,
Female,Khovd,2015,1961.0
Female,Khuvsgul,2015,214.0
Female,Orkhon,2015,1382.0
Female,Selenge,2015,
Female,Sukhbaatar,2015,
Female,Total,2015,93674.0
Female,Tuv,2015,
Female,Ulaanbaatar,2015,83680.0
Female,Ulaanbaatar,2015,83680.0
Female,Umnugovi,2015,
Female,Uvs,2015,121.0
Female,Uvurkhangai,2015,23.0
Female,Western region,2015,3314.0
Female,Zavkhan,2015,308.0
Male,Arkhangai,2015,117.0
Male,Bayan-Ulgii,2015,102.0
Male,Bayankhongor,2015,69.0
Male,Bulgan,2015,
Male,Central region,2015,1833.0
Male,Darkhan-Uul,2015,1728.0
Male,Dornod,2015,118.0
Male,Dornogovi,2015,105.0
Male,Dundgovi,2015,
Male,Eastern region,2015,118.0
Male,Govi-Altai,2015,106.0
Male,Govisumber,2015,
Male,Khangai region,2015,1201.0
Male,Khentii,2015,
Male,Khovd,2015,921.0
Male,Khuvsgul,2015,117.0
Male,Orkhon,2015,879.0
Male,Selenge,2015,
Male,Sukhbaatar,2015,
Male,Total,2015,68952.0
Male,Tuv,2015,
Male,Ulaanbaatar,2015,64397.0
Male,Ulaanbaatar,2015,64397.0
Male,Umnugovi,2015,
Male,Uvs,2015,96.0
Male,Uvurkhangai,2015,19.0
Male,Western region,2015,1403.0
Male,Zavkhan,2015,178.0
Female,Arkhangai,2016,1794.0
Female,Bayan-Ulgii,2016,345.0
Female,Bayankhongor,2016,156.0
Female,Bulgan,2016,
Female,Central region,2016,2710.0
Female,Darkhan-Uul,2016,2265.0
Female,Dornod,2016,513.0
Female,Dornogovi,2016,445.0
Female,Dundgovi,2016,
Female,Eastern region,2016,513.0
Female,Govi-Altai,2016,488.0
Female,Govisumber,2016,
Female,Khangai region,2016,3202.0
Female,Khentii,2016,
Female,Khovd,2016,1735.0
Female,Khuvsgul,2016,162.0
Female,Orkhon,2016,1090.0
Female,Selenge,2016,
Female,Sukhbaatar,2016,
Female,Total,2016,91526.0
Female,Tuv,2016,
Female,Ulaanbaatar,2016,82128.0
Female,Ulaanbaatar,2016,82128.0
Female,Umnugovi,2016,
Female,Uvs,2016,159.0
Female,Uvurkhangai,2016,
Female,Western region,2016,2973.0
Female,Zavkhan,2016,246.0
Male,Arkhangai,2016,163.0
Male,Bayan-Ulgii,2016,64.0
Male,Bayankhongor,2016,69.0
Male,Bulgan,2016,
Male,Central region,2016,1598.0
Male,Darkhan-Uul,2016,1506.0
Male,Dornod,2016,138.0
Male,Dornogovi,2016,92.0
Male,Dundgovi,2016,
Male,Eastern region,2016,138.0
Male,Govi-Altai,2016,108.0
Male,Govisumber,2016,
Male,Khangai region,2016,1082.0
Male,Khentii,2016,
Male,Khovd,2016,852.0
Male,Khuvsgul,2016,97.0
Male,Orkhon,2016,753.0
Male,Selenge,2016,
Male,Sukhbaatar,2016,
Male,Total,2016,65612.0
Male,Tuv,2016,
Male,Ulaanbaatar,2016,61556.0
Male,Ulaanbaatar,2016,61556.0
Male,Umnugovi,2016,
Male,Uvs,2016,76.0
Male,Uvurkhangai,2016,
Male,Western region,2016,1238.0
Male,Zavkhan,2016,138.0
Female,Arkhangai,2017,1036.0
Female,Bayan-Ulgii,2017,254.0
Female,Bayankhongor,2017,108.0
Female,Bulgan,2017,0.0
Female,Central region,2017,2336.0
Female,Darkhan-Uul,2017,1934.0
Female,Dornod,2017,532.0
Female,Dornogovi,2017,402.0
Female,Dundgovi,2017,0.0
Female,Eastern region,2017,532.0
Female,Govi-Altai,2017,470.0
Female,Govisumber,2017,0.0
Female,Khangai region,2017,2229.0
Female,Khentii,2017,0.0
Female,Khovd,2017,1507.0
Female,Khuvsgul,2017,153.0
Female,Orkhon,2017,932.0
Female,Selenge,2017,0.0
Female,Sukhbaatar,2017,0.0
Female,Total,2017,90094.0
Female,Tuv,2017,0.0
Female,Ulaanbaatar,2017,90094.0
Female,Ulaanbaatar,2017,90094.0
Female,Umnugovi,2017,0.0
Female,Uvs,2017,83.0
Female,Uvurkhangai,2017,0.0
Female,Western region,2017,2495.0
Female,Zavkhan,2017,181.0
Male,Arkhangai,2017,106.0
Male,Bayan-Ulgii,2017,39.0
Male,Bayankhongor,2017,55.0
Male,Bulgan,2017,0.0
Male,Central region,2017,1404.0
Male,Darkhan-Uul,2017,1330.0
Male,Dornod,2017,150.0
Male,Dornogovi,2017,74.0
Male,Dundgovi,2017,0.0
Male,Eastern region,2017,150.0
Male,Govi-Altai,2017,98.0
Male,Govisumber,2017,0.0
Male,Khangai region,2017,870.0
Male,Khentii,2017,0.0
Male,Khovd,2017,848.0
Male,Khuvsgul,2017,73.0
Male,Orkhon,2017,636.0
Male,Selenge,2017,0.0
Male,Sukhbaatar,2017,0.0
Male,Total,2017,65154.0
Male,Tuv,2017,0.0
Male,Ulaanbaatar,2017,65154.0
Male,Ulaanbaatar,2017,65154.0
Male,Umnugovi,2017,0.0
Male,Uvs,2017,60.0
Male,Uvurkhangai,2017,0.0
Male,Western region,2017,1171.0
Male,Zavkhan,2017,126.0
Female,Arkhangai,2018,923.0
Female,Bayan-Ulgii,2018,216.0
Female,Bayankhongor,2018,139.0
Female,Bulgan,2018,
Female,Central region,2018,2410.0
Female,Darkhan-Uul,2018,2060.0
Female,Dornod,2018,555.0
Female,Dornogovi,2018,350.0
Female,Dundgovi,2018,
Female,Eastern region,2018,555.0
Female,Govi-Altai,2018,430.0
Female,Govisumber,2018,
Female,Khangai region,2018,2177.0
Female,Khentii,2018,
Female,Khovd,2018,1527.0
Female,Khuvsgul,2018,103.0
Female,Orkhon,2018,1012.0
Female,Selenge,2018,
Female,Sukhbaatar,2018,
Female,Total,2018,93552.0
Female,Tuv,2018,
Female,Ulaanbaatar,2018,85803.0
Female,Ulaanbaatar,2018,85803.0
Female,Umnugovi,2018,
Female,Uvs,2018,93.0
Female,Uvurkhangai,2018,
Female,Western region,2018,2607.0
Female,Zavkhan,2018,341.0
Male,Arkhangai,2018,108.0
Male,Bayan-Ulgii,2018,40.0
Male,Bayankhongor,2018,69.0
Male,Bulgan,2018,
Male,Central region,2018,1587.0
Male,Darkhan-Uul,2018,1513.0
Male,Dornod,2018,163.0
Male,Dornogovi,2018,74.0
Male,Dundgovi,2018,
Male,Eastern region,2018,163.0
Male,Govi-Altai,2018,106.0
Male,Govisumber,2018,
Male,Khangai region,2018,839.0
Male,Khentii,2018,
Male,Khovd,2018,813.0
Male,Khuvsgul,2018,49.0
Male,Orkhon,2018,613.0
Male,Selenge,2018,
Male,Sukhbaatar,2018,
Male,Total,2018,64073.0
Male,Tuv,2018,
Male,Ulaanbaatar,2018,60221.0
Male,Ulaanbaatar,2018,60221.0
Male,Umnugovi,2018,
Male,Uvs,2018,60.0
Male,Uvurkhangai,2018,
Male,Western region,2018,1263.0
Male,Zavkhan,2018,244.0
Female,Arkhangai,2019,977.0
Female,Bayan-Ulgii,2019,171.0
Female,Bayankhongor,2019,56.0
Female,Bulgan,2019,
Female,Central region,2019,2555.0
Female,Darkhan-Uul,2019,2458.0
Female,Dornod,2019,971.0
Female,Dornogovi,2019,97.0
Female,Dundgovi,2019,
Female,Eastern region,2019,971.0
Female,Govi-Altai,2019,296.0
Female,Govisumber,2019,
Female,Khangai region,2019,2229.0
Female,Khentii,2019,
Female,Khovd,2019,1712.0
Female,Khuvsgul,2019,45.0
Female,Orkhon,2019,1151.0
Female,Selenge,2019,
Female,Sukhbaatar,2019,
Female,Total,2019,90574.0
Female,Tuv,2019,
Female,Ulaanbaatar,2019,82380.0
Female,Ulaanbaatar,2019,82380.0
Female,Umnugovi,2019,
Female,Uvs,2019,73.0
Female,Uvurkhangai,2019,
Female,Western region,2019,2439.0
Female,Zavkhan,2019,187.0
Male,Arkhangai,2019,103.0
Male,Bayan-Ulgii,2019,34.0
Male,Bayankhongor,2019,37.0
Male,Bulgan,2019,
Male,Central region,2019,1836.0
Male,Darkhan-Uul,2019,1813.0
Male,Dornod,2019,194.0
Male,Dornogovi,2019,23.0
Male,Dundgovi,2019,
Male,Eastern region,2019,194.0
Male,Govi-Altai,2019,90.0
Male,Govisumber,2019,
Male,Khangai region,2019,776.0
Male,Khentii,2019,
Male,Khovd,2019,749.0
Male,Khuvsgul,2019,28.0
Male,Orkhon,2019,608.0
Male,Selenge,2019,
Male,Sukhbaatar,2019,
Male,Total,2019,57872.0
Male,Tuv,2019,
Male,Ulaanbaatar,2019,54017.0
Male,Ulaanbaatar,2019,54017.0
Male,Umnugovi,2019,
Male,Uvs,2019,41.0
Male,Uvurkhangai,2019,
Male,Western region,2019,1049.0
Male,Zavkhan,2019,135.0
Female,Arkhangai,2020,635.0
Female,Bayan-Ulgii,2020,144.0
Female,Bayankhongor,2020,59.0
Female,Bulgan,2020,
Female,Central region,2020,2006.0
Female,Darkhan-Uul,2020,1805.0
Female,Dornod,2020,754.0
Female,Dornogovi,2020,201.0
Female,Dundgovi,2020,
Female,Eastern region,2020,754.0
Female,Govi-Altai,2020,377.0
Female,Govisumber,2020,
Female,Khangai region,2020,1826.0
Female,Khentii,2020,
Female,Khovd,2020,967.0
Female,Khuvsgul,2020,27.0
Female,Orkhon,2020,1105.0
Female,Selenge,2020,
Female,Sukhbaatar,2020,
Female,Total,2020,89463.0
Female,Tuv,2020,
Female,Ulaanbaatar,2020,83203.0
Female,Ulaanbaatar,2020,83203.0
Female,Umnugovi,2020,
Female,Uvs,2020,65.0
Female,Uvurkhangai,2020,
Female,Western region,2020,1674.0
Female,Zavkhan,2020,121.0
Male,Arkhangai,2020,68.0
Male,Bayan-Ulgii,2020,32.0
Male,Bayankhongor,2020,36.0
Male,Bulgan,2020,
Male,Central region,2020,1191.0
Male,Darkhan-Uul,2020,1131.0
Male,Dornod,2020,174.0
Male,Dornogovi,2020,60.0
Male,Dundgovi,2020,
Male,Eastern region,2020,174.0
Male,Govi-Altai,2020,101.0
Male,Govisumber,2020,
Male,Khangai region,2020,699.0
Male,Khentii,2020,
Male,Khovd,2020,478.0
Male,Khuvsgul,2020,19.0
Male,Orkhon,2020,576.0
Male,Selenge,2020,
Male,Sukhbaatar,2020,
Male,Total,2020,57830.0
Male,Tuv,2020,
Male,Ulaanbaatar,2020,55034.0
Male,Ulaanbaatar,2020,55034.0
Male,Umnugovi,2020,
Male,Uvs,2020,35.0
Male,Uvurkhangai,2020,
Male,Western region,2020,732.0
Male,Zavkhan,2020,86.0
Female,Arkhangai,2021,464.0
Female,Bayan-Ulgii,2021,122.0
Female,Bayankhongor,2021,37.0
Female,Bulgan,2021,
Female,Central region,2021,2727.0
Female,Darkhan-Uul,2021,2240.0
Female,Dornod,2021,359.0
Female,Dornogovi,2021,487.0
Female,Dundgovi,2021,
Female,Eastern region,2021,359.0
Female,Govi-Altai,2021,791.0
Female,Govisumber,2021,
Female,Khangai region,2021,1538.0
Female,Khentii,2021,
Female,Khovd,2021,874.0
Female,Khuvsgul,2021,32.0
Female,Orkhon,2021,1005.0
Female,Selenge,2021,
Female,Sukhbaatar,2021,
Female,Total,2021,91034.0
Female,Tuv,2021,
Female,Ulaanbaatar,2021,84420.0
Female,Ulaanbaatar,2021,84420.0
Female,Umnugovi,2021,
Female,Uvs,2021,64.0
Female,Uvurkhangai,2021,
Female,Western region,2021,1990.0
Female,Zavkhan,2021,139.0
Male,Arkhangai,2021,73.0
Male,Bayan-Ulgii,2021,22.0
Male,Bayankhongor,2021,23.0
Male,Bulgan,2021,
Male,Central region,2021,1409.0
Male,Darkhan-Uul,2021,1322.0
Male,Dornod,2021,82.0
Male,Dornogovi,2021,87.0
Male,Dundgovi,2021,
Male,Eastern region,2021,82.0
Male,Govi-Altai,2021,189.0
Male,Govisumber,2021,
Male,Khangai region,2021,696.0
Male,Khentii,2021,
Male,Khovd,2021,412.0
Male,Khuvsgul,2021,12.0
Male,Orkhon,2021,588.0
Male,Selenge,2021,
Male,Sukhbaatar,2021,
Male,Total,2021,57920.0
Male,Tuv,2021,
Male,Ulaanbaatar,2021,54969.0
Male,Ulaanbaatar,2021,54969.0
Male,Umnugovi,2021,
Male,Uvs,2021,34.0
Male,Uvurkhangai,2021,
Male,Western region,2021,764.0
Male,Zavkhan,2021,107.0
Female,Arkhangai,2022,442.0
Female,Bayan-Ulgii,2022,72.0
Female,Bayankhongor,2022,36.0
Female,Bulgan,2022,0.0
Female,Central region,2022,2738.0
Female,Darkhan-Uul,2022,2288.0
Female,Dornod,2022,443.0
Female,Dornogovi,2022,422.0
Female,Dundgovi,2022,0.0
Female,Eastern region,2022,459.0
Female,Govi-Altai,2022,735.0
Female,Govisumber,2022,0.0
Female,Khangai region,2022,1337.0
Female,Khentii,2022,16.0
Female,Khovd,2022,801.0
Female,Khuvsgul,2022,0.0
Female,Orkhon,2022,859.0
Female,Selenge,2022,0.0
Female,Sukhbaatar,2022,0.0
Female,Total,2022,88823.0
Female,Tuv,2022,0.0
Female,Ulaanbaatar,2022,82489.0
Female,Ulaanbaatar,2022,82489.0
Female,Umnugovi,2022,28.0
Female,Uvs,2022,66.0
Female,Uvurkhangai,2022,0.0
Female,Western region,2022,1800.0
Female,Zavkhan,2022,126.0
Male,Arkhangai,2022,36.0
Male,Bayan-Ulgii,2022,11.0
Male,Bayankhongor,2022,33.0
Male,Bulgan,2022,0.0
Male,Central region,2022,1481.0
Male,Darkhan-Uul,2022,1365.0
Male,Dornod,2022,111.0
Male,Dornogovi,2022,75.0
Male,Dundgovi,2022,0.0
Male,Eastern region,2022,125.0
Male,Govi-Altai,2022,161.0
Male,Govisumber,2022,0.0
Male,Khangai region,2022,615.0
Male,Khentii,2022,14.0
Male,Khovd,2022,414.0
Male,Khuvsgul,2022,0.0
Male,Orkhon,2022,546.0
Male,Selenge,2022,0.0
Male,Sukhbaatar,2022,0.0
Male,Total,2022,56444.0
Male,Tuv,2022,0.0
Male,Ulaanbaatar,2022,53504.0
Male,Ulaanbaatar,2022,53504.0
Male,Umnugovi,2022,41.0
Male,Uvs,2022,39.0
Male,Uvurkhangai,2022,0.0
Male,Western region,2022,719.0
Male,Zavkhan,2022,94.0
Female,Arkhangai,2023,440.0
Female,Bayan-Ulgii,2023,46.0
Female,Bayankhongor,2023,44.0
Female,Bulgan,2023,0.0
Female,Central region,2023,2925.0
Female,Darkhan-Uul,2023,2510.0
Female,Dornod,2023,208.0
Female,Dornogovi,2023,366.0
Female,Dundgovi,2023,0.0
Female,Eastern region,2023,217.0
Female,Govi-Altai,2023,721.0
Female,Govisumber,2023,0.0
Female,Khangai region,2023,1325.0
Female,Khentii,2023,9.0
Female,Khovd,2023,786.0
Female,Khuvsgul,2023,0.0
Female,Orkhon,2023,841.0
Female,Selenge,2023,0.0
Female,Sukhbaatar,2023,0.0
Female,Total,2023,88601.0
Female,Tuv,2023,0.0
Female,Ulaanbaatar,2023,82416.0
Female,Ulaanbaatar,2023,82416.0
Female,Umnugovi,2023,49.0
Female,Uvs,2023,26.0
Female,Uvurkhangai,2023,0.0
Female,Western region,2023,1718.0
Female,Zavkhan,2023,139.0
Male,Arkhangai,2023,41.0
Male,Bayan-Ulgii,2023,12.0
Male,Bayankhongor,2023,40.0
Male,Bulgan,2023,0.0
Male,Central region,2023,1673.0
Male,Darkhan-Uul,2023,1505.0
Male,Dornod,2023,71.0
Male,Dornogovi,2023,84.0
Male,Dundgovi,2023,0.0
Male,Eastern region,2023,78.0
Male,Govi-Altai,2023,162.0
Male,Govisumber,2023,0.0
Male,Khangai region,2023,647.0
Male,Khentii,2023,7.0
Male,Khovd,2023,403.0
Male,Khuvsgul,2023,0.0
Male,Orkhon,2023,566.0
Male,Selenge,2023,0.0
Male,Sukhbaatar,2023,0.0
Male,Total,2023,56744.0
Male,Tuv,2023,0.0
Male,Ulaanbaatar,2023,53640.0
Male,Ulaanbaatar,2023,53640.0
Male,Umnugovi,2023,84.0
Male,Uvs,2023,28.0
Male,Uvurkhangai,2023,0.0
Male,Western region,2023,706.0
Male,Zavkhan,2023,101.0
Female,Arkhangai,2024,533.0
Female,Bayan-Ulgii,2024,128.0
Female,Bayankhongor,2024,61.0
Female,Bulgan,2024,
Female,Central region,2024,3200.0
Female,Darkhan-Uul,2024,2817.0
Female,Dornod,2024,209.0
Female,Dornogovi,2024,325.0
Female,Dundgovi,2024,
Female,Eastern region,2024,218.0
Female,Govi-Altai,2024,637.0
Female,Govisumber,2024,
Female,Khangai region,2024,1436.0
Female,Khentii,2024,9.0
Female,Khovd,2024,719.0
Female,Khuvsgul,2024,
Female,Orkhon,2024,842.0
Female,Selenge,2024,
Female,Sukhbaatar,2024,
Female,Total,2024,92261.0
Female,Tuv,2024,
Female,Ulaanbaatar,2024,85787.0
Female,Ulaanbaatar,2024,85787.0
Female,Umnugovi,2024,58.0
Female,Uvs,2024,35.0
Female,Uvurkhangai,2024,
Female,Western region,2024,1620.0
Female,Zavkhan,2024,101.0
Male,Arkhangai,2024,58.0
Male,Bayan-Ulgii,2024,14.0
Male,Bayankhongor,2024,44.0
Male,Bulgan,2024,576.0
Male,Central region,2024,1946.0
Male,Darkhan-Uul,2024,96.0
Male,Dornod,2024,77.0
Male,Dornogovi,2024,
Male,Dundgovi,2024,
Male,Eastern region,2024,83.0
Male,Govi-Altai,2024,135.0
Male,Govisumber,2024,1726.0
Male,Khangai region,2024,678.0
Male,Khentii,2024,6.0
Male,Khovd,2024,367.0
Male,Khuvsgul,2024,
Male,Orkhon,2024,
Male,Selenge,2024,
Male,Sukhbaatar,2024,
Male,Total,2024,58021.0
Male,Tuv,2024,
Male,Ulaanbaatar,2024,54682.0
Male,Ulaanbaatar,2024,54682.0
Male,Umnugovi,2024,124.0
Male,Uvs,2024,32.0
Male,Uvurkhangai,2024,
Male,Western region,2024,632.0
Male,Zavkhan,2024,84.0
Female,Arkhangai,2025,2872.0
Female,Bayan-Ulgii,2025,2071.0
Female,Bayankhongor,2025,2357.0
Female,Bulgan,2025,1746.0
Female,Central region,2025,506.0
Female,Darkhan-Uul,2025,1900.0
Female,Dornod,2025,2162.0
Female,Dornogovi,2025,1232.0
Female,Dundgovi,2025,2044.0
Female,Eastern region,2025,6182.0
Female,Govi-Altai,2025,2048.0
Female,Govisumber,2025,3196.0
Female,Khangai region,2025,17194.0
Female,Khentii,2025,2272.0
Female,Khovd,2025,2962.0
Female,Khuvsgul,2025,3930.0
Female,Orkhon,2025,2929.0
Female,Selenge,2025,2359.0
Female,Sukhbaatar,2025,1748.0
Female,Total,2025,99483.0
Female,Tuv,2025,2359.0
Female,Ulaanbaatar,2025,47342.0
Female,Ulaanbaatar,2025,47342.0
Female,Umnugovi,2025,2994.0
Female,Uvs,2025,2918.0
Female,Uvurkhangai,2025,3360.0
Female,Western region,2025,12440.0
Female,Zavkhan,2025,2441.0
Male,Arkhangai,2025,1539.0
Male,Bayan-Ulgii,2025,1111.0
Male,Bayankhongor,2025,1159.0
Male,Bulgan,2025,888.0
Male,Central region,2025,8253.0
Male,Darkhan-Uul,2025,1919.0
Male,Dornod,2025,1176.0
Male,Dornogovi,2025,1034.0
Male,Dundgovi,2025,678.0
Male,Eastern region,2025,3372.0
Male,Govi-Altai,2025,1117.0
Male,Govisumber,2025,298.0
Male,Khangai region,2025,9548.0
Male,Khentii,2025,1300.0
Male,Khovd,2025,1649.0
Male,Khuvsgul,2025,2028.0
Male,Orkhon,2025,2034.0
Male,Selenge,2025,1702.0
Male,Sukhbaatar,2025,896.0
Male,Total,2025,62408.0
Male,Tuv,2025,1448.0
Male,Ulaanbaatar,2025,31989.0
Male,Ulaanbaatar,2025,31989.0
Male,Umnugovi,2025,1174.0
Male,Uvs,2025,1649.0
Male,Uvurkhangai,2025,1900.0
Male,Western region,2025,6985.0
Male,Zavkhan,2025,1459.0
