product,date,price
"Bread, piece",2026-08-31,2926.0
"Bread, rye, piece",2026-08-31,2786.0
"Flour, grade 1, prepacked, kg",2026-08-31,2529.0
"Rice, prepacked, kg",2026-08-31,5000.0
"Sliced bread, 600 gr, piece",2026-08-31,3926.0
"Bread, piece",2026-08-24,2926.0
"Bread, rye, piece",2026-08-24,2779.0
"Flour, grade 1, prepacked, kg",2026-08-24,2521.0
"Rice, prepacked, kg",2026-08-24,5000.0
"Sliced bread, 600 gr, piece",2026-08-24,3926.0
"Bread, piece",2026-08-17,2926.0
"Bread, rye, piece",2026-08-17,2779.0
"Flour, grade 1, prepacked, kg",2026-08-17,2521.0
"Rice, prepacked, kg",2026-08-17,5000.0
"Sliced bread, 600 gr, piece",2026-08-17,3926.0
"Bread, piece",2026-08-10,2926.0
"Bread, rye, piece",2026-08-10,2770.0
"Flour, grade 1, prepacked, kg",2026-08-10,2521.0
"Rice, prepacked, kg",2026-08-10,5000.0
"Sliced bread, 600 gr, piece",2026-08-10,3926.0
"Bread, piece",2026-08-03,2926.0
"Bread, rye, piece",2026-08-03,2770.0
"Flour, grade 1, prepacked, kg",2026-08-03,2521.0
"Rice, prepacked, kg",2026-08-03,5000.0
"Sliced bread, 600 gr, piece",2026-08-03,3926.0
"Bread, piece",2026-07-27,2926.0
"Bread, rye, piece",2026-07-27,2769.0
"Flour, grade 1, prepacked, kg",2026-07-27,2521.0
"Rice, prepacked, kg",2026-07-27,5000.0
"Sliced bread, 600 gr, piece",2026-07-27,3899.0
"Bread, piece",2026-07-20,2925.0
"Bread, rye, piece",2026-07-20,2769.0
"Flour, grade 1, prepacked, kg",2026-07-20,2521.0
"Rice, prepacked, kg",2026-07-20,5000.0
"Sliced bread, 600 gr, piece",2026-07-20,3897.0
"Bread, piece",2026-07-06,2925.0
"Bread, rye, piece",2026-07-06,2769.0
"Flour, grade 1, prepacked, kg",2026-07-06,2521.0
"Rice, prepacked, kg",2026-07-06,5000.0
"Sliced bread, 600 gr, piece",2026-07-06,3897.0
"Bread, piece",2026-06-29,2925.0
"Bread, rye, piece",2026-06-29,2769.0
"Flour, grade 1, prepacked, kg",2026-06-29,2521.0
"Rice, prepacked, kg",2026-06-29,5000.0
"Sliced bread, 600 gr, piece",2026-06-29,3897.0
"Bread, piece",2026-06-22,2925.0
"Bread, rye, piece",2026-06-22,2769.0
"Flour, grade 1, prepacked, kg",2026-06-22,2521.0
"Rice, prepacked, kg",2026-06-22,5000.0
"Sliced bread, 600 gr, piece",2026-06-22,3889.0
"Bread, piece",2026-06-15,2916.0
"Bread, rye, piece",2026-06-15,2769.0
"Flour, grade 1, prepacked, kg",2026-06-15,2506.0
"Rice, prepacked, kg",2026-06-15,5000.0
"Sliced bread, 600 gr, piece",2026-06-15,3880.0
"Bread, piece",2026-06-08,2916.0
"Bread, rye, piece",2026-06-08,2769.0
"Flour, grade 1, prepacked, kg",2026-06-08,2506.0
"Rice, prepacked, kg",2026-06-08,4959.0
"Sliced bread, 600 gr, piece",2026-06-08,3880.0
"Bread, piece",2026-06-02,2916.0
"Bread, rye, piece",2026-06-02,2769.0
"Flour, grade 1, prepacked, kg",2026-06-02,2506.0
"Rice, prepacked, kg",2026-06-02,4959.0
"Sliced bread, 600 gr, piece",2026-06-02,3880.0
"Bread, piece",2026-05-25,2945.0
"Bread, rye, piece",2026-05-25,2698.0
"Flour, grade 1, prepacked, kg",2026-05-25,2507.0
"Rice, prepacked, kg",2026-05-25,4966.0
"Sliced bread, 600 gr, piece",2026-05-25,3904.0
"Bread, piece",2026-05-18,2945.0
"Bread, rye, piece",2026-05-18,2698.0
"Flour, grade 1, prepacked, kg",2026-05-18,2507.0
"Rice, prepacked, kg",2026-05-18,4966.0
"Sliced bread, 600 gr, piece",2026-05-18,3904.0
"Bread, piece",2026-05-11,2937.0
"Bread, rye, piece",2026-05-11,2698.0
"Flour, grade 1, prepacked, kg",2026-05-11,2507.0
"Rice, prepacked, kg",2026-05-11,4966.0
"Sliced bread, 600 gr, piece",2026-05-11,3904.0
"Bread, piece",2026-05-04,2937.0
"Bread, rye, piece",2026-05-04,2698.0
"Flour, grade 1, prepacked, kg",2026-05-04,2507.0
"Rice, prepacked, kg",2026-05-04,4966.0
"Sliced bread, 600 gr, piece",2026-05-04,3892.0
"Bread, piece",2026-04-27,2937.0
"Bread, rye, piece",2026-04-27,2698.0
"Flour, grade 1, prepacked, kg",2026-04-27,2507.0
"Rice, prepacked, kg",2026-04-27,4966.0
"Sliced bread, 600 gr, piece",2026-04-27,3642.0
"Bread, piece",2026-04-20,2940.0
"Bread, rye, piece",2026-04-20,2615.0
"Flour, grade 1, prepacked, kg",2026-04-20,2507.0
"Rice, prepacked, kg",2026-04-20,4966.0
"Sliced bread, 600 gr, piece",2026-04-20,3642.0
"Bread, piece",2026-04-13,2695.0
"Bread, rye, piece",2026-04-13,2552.0
"Flour, grade 1, prepacked, kg",2026-04-13,2507.0
"Rice, prepacked, kg",2026-04-13,4966.0
"Sliced bread, 600 gr, piece",2026-04-13,3308.0
"Bread, piece",2026-04-06,2695.0
"Bread, rye, piece",2026-04-06,2552.0
"Flour, grade 1, prepacked, kg",2026-04-06,2507.0
"Rice, prepacked, kg",2026-04-06,4966.0
"Sliced bread, 600 gr, piece",2026-04-06,3308.0
"Bread, piece",2026-03-30,2695.0
"Bread, rye, piece",2026-03-30,2552.0
"Flour, grade 1, prepacked, kg",2026-03-30,2507.0
"Rice, prepacked, kg",2026-03-30,4966.0
"Sliced bread, 600 gr, piece",2026-03-30,3308.0
"Bread, piece",2026-03-23,2695.0
"Bread, rye, piece",2026-03-23,2552.0
"Flour, grade 1, prepacked, kg",2026-03-23,2507.0
"Rice, prepacked, kg",2026-03-23,4966.0
"Sliced bread, 600 gr, piece",2026-03-23,3308.0
"Bread, piece",2026-03-16,2695.0
"Bread, rye, piece",2026-03-16,2552.0
"Flour, grade 1, prepacked, kg",2026-03-16,2507.0
"Rice, prepacked, kg",2026-03-16,4966.0
"Sliced bread, 600 gr, piece",2026-03-16,3308.0
"Bread, piece",2026-03-09,2695.0
"Bread, rye, piece",2026-03-09,2552.0
"Flour, grade 1, prepacked, kg",2026-03-09,2507.0
"Rice, prepacked, kg",2026-03-09,4966.0
"Sliced bread, 600 gr, piece",2026-03-09,3308.0
"Bread, piece",2026-03-02,2695.0
"Bread, rye, piece",2026-03-02,2552.0
"Flour, grade 1, prepacked, kg",2026-03-02,2507.0
"Rice, prepacked, kg",2026-03-02,4966.0
"Sliced bread, 600 gr, piece",2026-03-02,3308.0
"Bread, piece",2026-02-23,2695.0
"Bread, rye, piece",2026-02-23,2552.0
"Flour, grade 1, prepacked, kg",2026-02-23,2507.0
"Rice, prepacked, kg",2026-02-23,4966.0
"Sliced bread, 600 gr, piece",2026-02-23,3308.0
"Bread, piece",2026-02-09,2695.0
"Bread, rye, piece",2026-02-09,2552.0
"Flour, grade 1, prepacked, kg",2026-02-09,2507.0
"Rice, prepacked, kg",2026-02-09,4966.0
"Sliced bread, 600 gr, piece",2026-02-09,3308.0
"Bread, piece",2026-02-02,2695.0
"Bread, rye, piece",2026-02-02,2552.0
"Flour, grade 1, prepacked, kg",2026-02-02,2507.0
"Rice, prepacked, kg",2026-02-02,4966.0
"Sliced bread, 600 gr, piece",2026-02-02,3308.0
"Bread, piece",2026-01-26,2695.0
"Bread, rye, piece",2026-01-26,2552.0
"Flour, grade 1, prepacked, kg",2026-01-26,2507.0
"Rice, prepacked, kg",2026-01-26,4966.0
"Sliced bread, 600 gr, piece",2026-01-26,3308.0
"Bread, piece",2026-01-19,2707.0
"Bread, rye, piece",2026-01-19,2552.0
"Flour, grade 1, prepacked, kg",2026-01-19,2507.0
"Rice, prepacked, kg",2026-01-19,4966.0
"Sliced bread, 600 gr, piece",2026-01-19,3308.0
"Bread, piece",2026-01-12,2707.0
"Bread, rye, piece",2026-01-12,2552.0
"Flour, grade 1, prepacked, kg",2026-01-12,2507.0
"Rice, prepacked, kg",2026-01-12,4966.0
"Sliced bread, 600 gr, piece",2026-01-12,3308.0
"Bread, piece",2026-01-05,2707.0
"Bread, rye, piece",2026-01-05,2552.0
"Flour, grade 1, prepacked, kg",2026-01-05,2508.0
"Rice, prepacked, kg",2026-01-05,4966.0
"Sliced bread, 600 gr, piece",2026-01-05,3308.0
"Bread, piece",2025-12-30,2707.0
"Bread, rye, piece",2025-12-30,2552.0
"Flour, grade 1, prepacked, kg",2025-12-30,2508.0
"Rice, prepacked, kg",2025-12-30,4966.0
"Sliced bread, 600 gr, piece",2025-12-30,3308.0
"Bread, piece",2025-12-22,2707.0
"Bread, rye, piece",2025-12-22,2552.0
"Flour, grade 1, prepacked, kg",2025-12-22,2508.0
"Rice, prepacked, kg",2025-12-22,4966.0
"Sliced bread, 600 gr, piece",2025-12-22,3308.0
"Bread, piece",2025-12-15,2707.0
"Bread, rye, piece",2025-12-15,2552.0
"Flour, grade 1, prepacked, kg",2025-12-15,2493.0
"Rice, prepacked, kg",2025-12-15,4966.0
"Sliced bread, 600 gr, piece",2025-12-15,3308.0
"Bread, piece",2025-12-08,2707.0
"Bread, rye, piece",2025-12-08,2552.0
"Flour, grade 1, prepacked, kg",2025-12-08,2493.0
"Rice, prepacked, kg",2025-12-08,4966.0
"Sliced bread, 600 gr, piece",2025-12-08,3308.0
"Bread, piece",2025-12-01,2707.0
"Bread, rye, piece",2025-12-01,2543.0
"Flour, grade 1, prepacked, kg",2025-12-01,2484.0
"Rice, prepacked, kg",2025-12-01,4966.0
"Sliced bread, 600 gr, piece",2025-12-01,3308.0
"Bread, piece",2025-11-24,2707.0
"Bread, rye, piece",2025-11-24,2543.0
"Flour, grade 1, prepacked, kg",2025-11-24,2459.0
"Rice, prepacked, kg",2025-11-24,4966.0
"Sliced bread, 600 gr, piece",2025-11-24,3308.0
"Bread, piece",2025-11-17,2707.0
"Bread, rye, piece",2025-11-17,2543.0
"Flour, grade 1, prepacked, kg",2025-11-17,2459.0
"Rice, prepacked, kg",2025-11-17,4966.0
"Sliced bread, 600 gr, piece",2025-11-17,3308.0
"Bread, piece",2025-11-10,2707.0
"Bread, rye, piece",2025-11-10,2543.0
"Flour, grade 1, prepacked, kg",2025-11-10,2459.0
"Rice, prepacked, kg",2025-11-10,4966.0
"Sliced bread, 600 gr, piece",2025-11-10,3308.0
"Bread, piece",2025-11-03,2707.0
"Bread, rye, piece",2025-11-03,2543.0
"Flour, grade 1, prepacked, kg",2025-11-03,2459.0
"Rice, prepacked, kg",2025-11-03,4913.0
"Sliced bread, 600 gr, piece",2025-11-03,3308.0
"Bread, piece",2025-10-27,2707.0
"Bread, rye, piece",2025-10-27,2543.0
"Flour, grade 1, prepacked, kg",2025-10-27,2459.0
"Rice, prepacked, kg",2025-10-27,4913.0
"Sliced bread, 600 gr, piece",2025-10-27,3308.0
"Bread, piece",2025-10-20,2707.0
"Bread, rye, piece",2025-10-20,2543.0
"Flour, grade 1, prepacked, kg",2025-10-20,2459.0
"Rice, prepacked, kg",2025-10-20,4913.0
"Sliced bread, 600 gr, piece",2025-10-20,3308.0
"Bread, piece",2025-10-13,2707.0
"Bread, rye, piece",2025-10-13,2535.0
"Flour, grade 1, prepacked, kg",2025-10-13,2459.0
"Rice, prepacked, kg",2025-10-13,4913.0
"Sliced bread, 600 gr, piece",2025-10-13,3290.0
"Bread, piece",2025-10-06,2707.0
"Bread, rye, piece",2025-10-06,2535.0
"Flour, grade 1, prepacked, kg",2025-10-06,2459.0
"Rice, prepacked, kg",2025-10-06,4913.0
"Sliced bread, 600 gr, piece",2025-10-06,3290.0
"Bread, piece",2025-09-29,2707.0
"Bread, rye, piece",2025-09-29,2535.0
"Flour, grade 1, prepacked, kg",2025-09-29,2459.0
"Rice, prepacked, kg",2025-09-29,4913.0
"Sliced bread, 600 gr, piece",2025-09-29,3290.0
"Bread, piece",2025-09-22,2698.0
"Bread, rye, piece",2025-09-22,2527.0
"Flour, grade 1, prepacked, kg",2025-09-22,2459.0
"Rice, prepacked, kg",2025-09-22,4913.0
"Sliced bread, 600 gr, piece",2025-09-22,3290.0
"Bread, piece",2025-09-15,2698.0
"Bread, rye, piece",2025-09-15,2527.0
"Flour, grade 1, prepacked, kg",2025-09-15,2443.0
"Rice, prepacked, kg",2025-09-15,4913.0
"Sliced bread, 600 gr, piece",2025-09-15,3290.0
"Bread, piece",2025-09-08,2675.0
"Bread, rye, piece",2025-09-08,2527.0
"Flour, grade 1, prepacked, kg",2025-09-08,2443.0
"Rice, prepacked, kg",2025-09-08,4913.0
"Sliced bread, 600 gr, piece",2025-09-08,3290.0
"Bread, piece",2025-09-01,2603.0
"Bread, rye, piece",2025-09-01,2536.0
"Flour, grade 1, prepacked, kg",2025-09-01,2443.0
"Rice, prepacked, kg",2025-09-01,4913.0
"Sliced bread, 600 gr, piece",2025-09-01,3272.0
"Bread, piece",2025-08-25,2579.0
"Bread, rye, piece",2025-08-25,2526.0
"Flour, grade 1, prepacked, kg",2025-08-25,2443.0
"Rice, prepacked, kg",2025-08-25,4913.0
"Sliced bread, 600 gr, piece",2025-08-25,3263.0
"Bread, piece",2025-08-18,2572.0
"Bread, rye, piece",2025-08-18,2526.0
"Flour, grade 1, prepacked, kg",2025-08-18,2424.0
"Rice, prepacked, kg",2025-08-18,4798.0
"Sliced bread, 600 gr, piece",2025-08-18,3263.0
"Bread, piece",2025-08-11,2572.0
"Bread, rye, piece",2025-08-11,2497.0
"Flour, grade 1, prepacked, kg",2025-08-11,2424.0
"Rice, prepacked, kg",2025-08-11,4798.0
"Sliced bread, 600 gr, piece",2025-08-11,3263.0
"Bread, piece",2025-08-04,2572.0
"Bread, rye, piece",2025-08-04,2497.0
"Flour, grade 1, prepacked, kg",2025-08-04,2392.0
"Rice, prepacked, kg",2025-08-04,4798.0
"Sliced bread, 600 gr, piece",2025-08-04,3263.0
"Bread, piece",2025-07-28,2572.0
"Bread, rye, piece",2025-07-28,2497.0
"Flour, grade 1, prepacked, kg",2025-07-28,2392.0
"Rice, prepacked, kg",2025-07-28,4798.0
"Sliced bread, 600 gr, piece",2025-07-28,3263.0
"Bread, piece",2025-07-21,2572.0
"Bread, rye, piece",2025-07-21,2497.0
"Flour, grade 1, prepacked, kg",2025-07-21,2371.0
"Rice, prepacked, kg",2025-07-21,4798.0
"Sliced bread, 600 gr, piece",2025-07-21,3263.0
"Bread, piece",2025-07-07,2572.0
"Bread, rye, piece",2025-07-07,2497.0
"Flour, grade 1, prepacked, kg",2025-07-07,2335.0
"Rice, prepacked, kg",2025-07-07,4798.0
"Sliced bread, 600 gr, piece",2025-07-07,3263.0
"Bread, piece",2025-06-30,2575.0
"Bread, rye, piece",2025-06-30,2497.0
"Flour, grade 1, prepacked, kg",2025-06-30,2350.0
"Rice, prepacked, kg",2025-06-30,4798.0
"Sliced bread, 600 gr, piece",2025-06-30,3263.0
"Bread, piece",2025-06-23,2575.0
"Bread, rye, piece",2025-06-23,2497.0
"Flour, grade 1, prepacked, kg",2025-06-23,2350.0
"Rice, prepacked, kg",2025-06-23,4798.0
"Sliced bread, 600 gr, piece",2025-06-23,3263.0
"Bread, piece",2025-06-16,2575.0
"Bread, rye, piece",2025-06-16,2497.0
"Flour, grade 1, prepacked, kg",2025-06-16,2304.0
"Rice, prepacked, kg",2025-06-16,4798.0
"Sliced bread, 600 gr, piece",2025-06-16,3263.0
"Bread, piece",2025-06-09,2575.0
"Bread, rye, piece",2025-06-09,2485.0
"Flour, grade 1, prepacked, kg",2025-06-09,2276.0
"Rice, prepacked, kg",2025-06-09,4798.0
"Sliced bread, 600 gr, piece",2025-06-09,3263.0
"Bread, piece",2025-06-02,2575.0
"Bread, rye, piece",2025-06-02,2485.0
"Flour, grade 1, prepacked, kg",2025-06-02,2257.0
"Rice, prepacked, kg",2025-06-02,4798.0
"Sliced bread, 600 gr, piece",2025-06-02,3263.0
"Bread, piece",2025-05-26,2583.0
"Bread, rye, piece",2025-05-26,2485.0
"Flour, grade 1, prepacked, kg",2025-05-26,2257.0
"Rice, prepacked, kg",2025-05-26,4798.0
"Sliced bread, 600 gr, piece",2025-05-26,3286.0
"Bread, piece",2025-05-19,2583.0
"Bread, rye, piece",2025-05-19,2485.0
"Flour, grade 1, prepacked, kg",2025-05-19,2257.0
"Rice, prepacked, kg",2025-05-19,4798.0
"Sliced bread, 600 gr, piece",2025-05-19,3286.0
"Bread, piece",2025-05-12,2583.0
"Bread, rye, piece",2025-05-12,2461.0
"Flour, grade 1, prepacked, kg",2025-05-12,2257.0
"Rice, prepacked, kg",2025-05-12,4798.0
"Sliced bread, 600 gr, piece",2025-05-12,3286.0
"Bread, piece",2025-05-05,2575.0
"Bread, rye, piece",2025-05-05,2453.0
"Flour, grade 1, prepacked, kg",2025-05-05,2249.0
"Rice, prepacked, kg",2025-05-05,4798.0
"Sliced bread, 600 gr, piece",2025-05-05,3328.0
"Bread, piece",2025-04-28,2571.0
"Bread, rye, piece",2025-04-28,2453.0
"Flour, grade 1, prepacked, kg",2025-04-28,2235.0
"Rice, prepacked, kg",2025-04-28,4798.0
"Sliced bread, 600 gr, piece",2025-04-28,3328.0
"Bread, piece",2025-04-21,2564.0
"Bread, rye, piece",2025-04-21,2435.0
"Flour, grade 1, prepacked, kg",2025-04-21,2235.0
"Rice, prepacked, kg",2025-04-21,4798.0
"Sliced bread, 600 gr, piece",2025-04-21,3321.0
"Bread, piece",2025-04-14,2564.0
"Bread, rye, piece",2025-04-14,2453.0
"Flour, grade 1, prepacked, kg",2025-04-14,2220.0
"Rice, prepacked, kg",2025-04-14,4798.0
"Sliced bread, 600 gr, piece",2025-04-14,3321.0
"Bread, piece",2025-04-07,2571.0
"Bread, rye, piece",2025-04-07,2453.0
"Flour, grade 1, prepacked, kg",2025-04-07,2227.0
"Rice, prepacked, kg",2025-04-07,4798.0
"Sliced bread, 600 gr, piece",2025-04-07,3312.0
"Bread, piece",2025-03-31,2579.0
"Bread, rye, piece",2025-03-31,2453.0
"Flour, grade 1, prepacked, kg",2025-03-31,2220.0
"Rice, prepacked, kg",2025-03-31,4798.0
"Sliced bread, 600 gr, piece",2025-03-31,3312.0
"Bread, piece",2025-03-24,2579.0
"Bread, rye, piece",2025-03-24,2453.0
"Flour, grade 1, prepacked, kg",2025-03-24,2220.0
"Rice, prepacked, kg",2025-03-24,4798.0
"Sliced bread, 600 gr, piece",2025-03-24,3312.0
"Bread, piece",2025-03-17,2579.0
"Bread, rye, piece",2025-03-17,2453.0
"Flour, grade 1, prepacked, kg",2025-03-17,2219.0
"Rice, prepacked, kg",2025-03-17,4798.0
"Sliced bread, 600 gr, piece",2025-03-17,3312.0
"Bread, piece",2025-03-10,2572.0
"Bread, rye, piece",2025-03-10,2453.0
"Flour, grade 1, prepacked, kg",2025-03-10,2227.0
"Rice, prepacked, kg",2025-03-10,4798.0
"Sliced bread, 600 gr, piece",2025-03-10,3304.0
"Bread, piece",2025-02-24,2572.0
"Bread, rye, piece",2025-02-24,2453.0
"Flour, grade 1, prepacked, kg",2025-02-24,2227.0
"Rice, prepacked, kg",2025-02-24,4798.0
"Sliced bread, 600 gr, piece",2025-02-24,3304.0
"Bread, piece",2025-02-17,2572.0
"Bread, rye, piece",2025-02-17,2453.0
"Flour, grade 1, prepacked, kg",2025-02-17,2227.0
"Rice, prepacked, kg",2025-02-17,4798.0
"Sliced bread, 600 gr, piece",2025-02-17,3304.0
"Bread, piece",2025-02-10,2572.0
"Bread, rye, piece",2025-02-10,2453.0
"Flour, grade 1, prepacked, kg",2025-02-10,2227.0
"Rice, prepacked, kg",2025-02-10,4798.0
"Sliced bread, 600 gr, piece",2025-02-10,3304.0
"Bread, piece",2025-02-03,2572.0
"Bread, rye, piece",2025-02-03,2453.0
"Flour, grade 1, prepacked, kg",2025-02-03,2227.0
"Rice, prepacked, kg",2025-02-03,4798.0
"Sliced bread, 600 gr, piece",2025-02-03,3304.0
"Bread, piece",2025-01-27,2572.0
"Bread, rye, piece",2025-01-27,2453.0
"Flour, grade 1, prepacked, kg",2025-01-27,2226.0
"Rice, prepacked, kg",2025-01-27,4798.0
"Sliced bread, 600 gr, piece",2025-01-27,3304.0
"Bread, piece",2025-01-20,2572.0
"Bread, rye, piece",2025-01-20,2453.0
"Flour, grade 1, prepacked, kg",2025-01-20,2220.0
"Rice, prepacked, kg",2025-01-20,4798.0
"Sliced bread, 600 gr, piece",2025-01-20,3304.0
"Bread, piece",2025-01-13,2572.0
"Bread, rye, piece",2025-01-13,2436.0
"Flour, grade 1, prepacked, kg",2025-01-13,2216.0
"Rice, prepacked, kg",2025-01-13,4845.0
"Sliced bread, 600 gr, piece",2025-01-13,3304.0
"Bread, piece",2025-01-06,2579.0
"Bread, rye, piece",2025-01-06,2436.0
"Flour, grade 1, prepacked, kg",2025-01-06,2229.0
"Rice, prepacked, kg",2025-01-06,4845.0
"Sliced bread, 600 gr, piece",2025-01-06,3279.0
"Bread, piece",2024-12-30,2579.0
"Bread, rye, piece",2024-12-30,2436.0
"Flour, grade 1, prepacked, kg",2024-12-30,2236.0
"Rice, prepacked, kg",2024-12-30,4845.0
"Sliced bread, 600 gr, piece",2024-12-30,3279.0
"Bread, piece",2024-12-23,2563.0
"Bread, rye, piece",2024-12-23,2416.0
"Flour, grade 1, prepacked, kg",2024-12-23,2228.0
"Rice, prepacked, kg",2024-12-23,4845.0
"Sliced bread, 600 gr, piece",2024-12-23,3279.0
"Bread, piece",2024-12-16,2571.0
"Bread, rye, piece",2024-12-16,2416.0
"Flour, grade 1, prepacked, kg",2024-12-16,2264.0
"Rice, prepacked, kg",2024-12-16,4798.0
"Sliced bread, 600 gr, piece",2024-12-16,3253.0
"Bread, piece",2024-12-09,2571.0
"Bread, rye, piece",2024-12-09,2424.0
"Flour, grade 1, prepacked, kg",2024-12-09,2286.0
"Rice, prepacked, kg",2024-12-09,4798.0
"Sliced bread, 600 gr, piece",2024-12-09,3244.0
"Bread, piece",2024-12-02,2563.0
"Bread, rye, piece",2024-12-02,2424.0
"Flour, grade 1, prepacked, kg",2024-12-02,2271.0
"Rice, prepacked, kg",2024-12-02,4798.0
"Sliced bread, 600 gr, piece",2024-12-02,3244.0
"Bread, piece",2024-11-25,2454.0
"Bread, rye, piece",2024-11-25,2394.0
"Flour, grade 1, prepacked, kg",2024-11-25,2292.0
"Rice, prepacked, kg",2024-11-25,4798.0
"Sliced bread, 600 gr, piece",2024-11-25,3212.0
"Bread, piece",2024-11-18,2454.0
"Bread, rye, piece",2024-11-18,2394.0
"Flour, grade 1, prepacked, kg",2024-11-18,2323.0
"Rice, prepacked, kg",2024-11-18,4798.0
"Sliced bread, 600 gr, piece",2024-11-18,3212.0
"Bread, piece",2024-11-12,2454.0
"Bread, rye, piece",2024-11-12,2394.0
"Flour, grade 1, prepacked, kg",2024-11-12,2351.0
"Rice, prepacked, kg",2024-11-12,4798.0
"Sliced bread, 600 gr, piece",2024-11-12,3212.0
"Bread, piece",2024-11-04,2454.0
"Bread, rye, piece",2024-11-04,2394.0
"Flour, grade 1, prepacked, kg",2024-11-04,2351.0
"Rice, prepacked, kg",2024-11-04,4798.0
"Sliced bread, 600 gr, piece",2024-11-04,3212.0
"Bread, piece",2024-10-28,2454.0
"Bread, rye, piece",2024-10-28,2394.0
"Flour, grade 1, prepacked, kg",2024-10-28,2351.0
"Rice, prepacked, kg",2024-10-28,4798.0
"Sliced bread, 600 gr, piece",2024-10-28,3212.0
"Bread, piece",2024-10-21,2454.0
"Bread, rye, piece",2024-10-21,2379.0
"Flour, grade 1, prepacked, kg",2024-10-21,2351.0
"Rice, prepacked, kg",2024-10-21,4798.0
"Sliced bread, 600 gr, piece",2024-10-21,3212.0
"Bread, piece",2024-10-14,2454.0
"Bread, rye, piece",2024-10-14,2362.0
"Flour, grade 1, prepacked, kg",2024-10-14,2351.0
"Rice, prepacked, kg",2024-10-14,4747.0
"Sliced bread, 600 gr, piece",2024-10-14,3212.0
"Bread, piece",2024-10-07,2467.0
"Bread, rye, piece",2024-10-07,2374.0
"Flour, grade 1, prepacked, kg",2024-10-07,2351.0
"Rice, prepacked, kg",2024-10-07,4798.0
"Sliced bread, 600 gr, piece",2024-10-07,3229.0
"Bread, piece",2024-09-30,2467.0
"Bread, rye, piece",2024-09-30,2374.0
"Flour, grade 1, prepacked, kg",2024-09-30,2358.0
"Rice, prepacked, kg",2024-09-30,4798.0
"Sliced bread, 600 gr, piece",2024-09-30,3229.0
"Bread, piece",2024-09-23,2467.0
"Bread, rye, piece",2024-09-23,2374.0
"Flour, grade 1, prepacked, kg",2024-09-23,2358.0
"Rice, prepacked, kg",2024-09-23,4798.0
"Sliced bread, 600 gr, piece",2024-09-23,3229.0
"Bread, piece",2024-09-16,2435.0
"Bread, rye, piece",2024-09-16,2374.0
"Flour, grade 1, prepacked, kg",2024-09-16,2358.0
"Rice, prepacked, kg",2024-09-16,4798.0
"Sliced bread, 600 gr, piece",2024-09-16,3229.0
"Bread, piece",2024-09-09,2435.0
"Bread, rye, piece",2024-09-09,2374.0
"Flour, grade 1, prepacked, kg",2024-09-09,2358.0
"Rice, prepacked, kg",2024-09-09,4798.0
"Sliced bread, 600 gr, piece",2024-09-09,3229.0
"Bread, piece",2024-09-02,2428.0
"Bread, rye, piece",2024-09-02,2374.0
"Flour, grade 1, prepacked, kg",2024-09-02,2383.0
"Rice, prepacked, kg",2024-09-02,4798.0
"Sliced bread, 600 gr, piece",2024-09-02,3229.0
"Bread, piece",2024-08-26,2428.0
"Bread, rye, piece",2024-08-26,2399.0
"Flour, grade 1, prepacked, kg",2024-08-26,2383.0
"Rice, prepacked, kg",2024-08-26,4798.0
"Sliced bread, 600 gr, piece",2024-08-26,3229.0
"Bread, piece",2024-08-19,2428.0
"Bread, rye, piece",2024-08-19,2399.0
"Flour, grade 1, prepacked, kg",2024-08-19,2402.0
"Rice, prepacked, kg",2024-08-19,4798.0
"Sliced bread, 600 gr, piece",2024-08-19,3229.0
"Bread, piece",2024-08-12,2428.0
"Bread, rye, piece",2024-08-12,2399.0
"Flour, grade 1, prepacked, kg",2024-08-12,2486.0
"Rice, prepacked, kg",2024-08-12,4798.0
"Sliced bread, 600 gr, piece",2024-08-12,3229.0
"Bread, piece",2024-08-05,2428.0
"Bread, rye, piece",2024-08-05,2399.0
"Flour, grade 1, prepacked, kg",2024-08-05,2478.0
"Rice, prepacked, kg",2024-08-05,4798.0
"Sliced bread, 600 gr, piece",2024-08-05,3229.0
"Bread, piece",2024-07-29,2428.0
"Bread, rye, piece",2024-07-29,2399.0
"Flour, grade 1, prepacked, kg",2024-07-29,2478.0
"Rice, prepacked, kg",2024-07-29,4798.0
"Sliced bread, 600 gr, piece",2024-07-29,3229.0
"Bread, piece",2024-07-22,2428.0
"Bread, rye, piece",2024-07-22,2416.0
"Flour, grade 1, prepacked, kg",2024-07-22,2478.0
"Rice, prepacked, kg",2024-07-22,4798.0
"Sliced bread, 600 gr, piece",2024-07-22,3229.0
"Bread, piece",2024-07-08,2428.0
"Bread, rye, piece",2024-07-08,2416.0
"Flour, grade 1, prepacked, kg",2024-07-08,2462.0
"Rice, prepacked, kg",2024-07-08,4798.0
"Sliced bread, 600 gr, piece",2024-07-08,3159.0
"Bread, piece",2024-07-01,2427.0
"Bread, rye, piece",2024-07-01,2416.0
"Flour, grade 1, prepacked, kg",2024-07-01,2462.0
"Rice, prepacked, kg",2024-07-01,4798.0
"Sliced bread, 600 gr, piece",2024-07-01,3160.0
"Bread, piece",2024-06-24,2427.0
"Bread, rye, piece",2024-06-24,2431.0
"Flour, grade 1, prepacked, kg",2024-06-24,2462.0
"Rice, prepacked, kg",2024-06-24,4798.0
"Sliced bread, 600 gr, piece",2024-06-24,3145.0
"Bread, piece",2024-06-17,2427.0
"Bread, rye, piece",2024-06-17,2431.0
"Flour, grade 1, prepacked, kg",2024-06-17,2462.0
"Rice, prepacked, kg",2024-06-17,4798.0
"Sliced bread, 600 gr, piece",2024-06-17,3145.0
"Bread, piece",2024-06-10,2427.0
"Bread, rye, piece",2024-06-10,2439.0
"Flour, grade 1, prepacked, kg",2024-06-10,2478.0
"Rice, prepacked, kg",2024-06-10,4798.0
"Sliced bread, 600 gr, piece",2024-06-10,3145.0
"Bread, piece",2024-06-03,2427.0
"Bread, rye, piece",2024-06-03,2431.0
"Flour, grade 1, prepacked, kg",2024-06-03,2463.0
"Rice, prepacked, kg",2024-06-03,4798.0
"Sliced bread, 600 gr, piece",2024-06-03,3145.0
"Bread, piece",2024-05-27,2427.0
"Bread, rye, piece",2024-05-27,2431.0
"Flour, grade 1, prepacked, kg",2024-05-27,2463.0
"Rice, prepacked, kg",2024-05-27,4798.0
"Sliced bread, 600 gr, piece",2024-05-27,3145.0
"Bread, piece",2024-05-20,2427.0
"Bread, rye, piece",2024-05-20,2431.0
"Flour, grade 1, prepacked, kg",2024-05-20,2463.0
"Rice, prepacked, kg",2024-05-20,4798.0
"Sliced bread, 600 gr, piece",2024-05-20,3145.0
"Bread, piece",2024-05-13,2427.0
"Bread, rye, piece",2024-05-13,2431.0
"Flour, grade 1, prepacked, kg",2024-05-13,2446.0
"Rice, prepacked, kg",2024-05-13,4798.0
"Sliced bread, 600 gr, piece",2024-05-13,3145.0
"Bread, piece",2024-05-06,2427.0
"Bread, rye, piece",2024-05-06,2431.0
"Flour, grade 1, prepacked, kg",2024-05-06,2446.0
"Rice, prepacked, kg",2024-05-06,4798.0
"Sliced bread, 600 gr, piece",2024-05-06,3160.0
"Bread, piece",2024-04-29,2427.0
"Bread, rye, piece",2024-04-29,2431.0
"Flour, grade 1, prepacked, kg",2024-04-29,2446.0
"Rice, prepacked, kg",2024-04-29,4798.0
"Sliced bread, 600 gr, piece",2024-04-29,3160.0
"Bread, piece",2024-04-22,2427.0
"Bread, rye, piece",2024-04-22,2431.0
"Flour, grade 1, prepacked, kg",2024-04-22,2463.0
"Rice, prepacked, kg",2024-04-22,4798.0
"Sliced bread, 600 gr, piece",2024-04-22,3129.0
"Bread, piece",2024-04-15,2443.0
"Bread, rye, piece",2024-04-15,2431.0
"Flour, grade 1, prepacked, kg",2024-04-15,2463.0
"Rice, prepacked, kg",2024-04-15,4798.0
"Sliced bread, 600 gr, piece",2024-04-15,3142.0
"Bread, piece",2024-04-08,2443.0
"Bread, rye, piece",2024-04-08,2431.0
"Flour, grade 1, prepacked, kg",2024-04-08,2455.0
"Rice, prepacked, kg",2024-04-08,4798.0
"Sliced bread, 600 gr, piece",2024-04-08,3094.0
"Bread, piece",2024-04-01,2443.0
"Bread, rye, piece",2024-04-01,2431.0
"Flour, grade 1, prepacked, kg",2024-04-01,2440.0
"Rice, prepacked, kg",2024-04-01,4798.0
"Sliced bread, 600 gr, piece",2024-04-01,3094.0
"Bread, piece",2024-03-25,2443.0
"Bread, rye, piece",2024-03-25,2431.0
"Flour, grade 1, prepacked, kg",2024-03-25,2426.0
"Rice, prepacked, kg",2024-03-25,4798.0
"Sliced bread, 600 gr, piece",2024-03-25,3094.0
"Bread, piece",2024-03-18,2443.0
"Bread, rye, piece",2024-03-18,2431.0
"Flour, grade 1, prepacked, kg",2024-03-18,2426.0
"Rice, prepacked, kg",2024-03-18,4798.0
"Sliced bread, 600 gr, piece",2024-03-18,3094.0
"Bread, piece",2024-03-11,2443.0
"Bread, rye, piece",2024-03-11,2456.0
"Flour, grade 1, prepacked, kg",2024-03-11,2426.0
"Rice, prepacked, kg",2024-03-11,4798.0
"Sliced bread, 600 gr, piece",2024-03-11,3094.0
"Bread, piece",2024-03-04,2443.0
"Bread, rye, piece",2024-03-04,2456.0
"Flour, grade 1, prepacked, kg",2024-03-04,2426.0
"Rice, prepacked, kg",2024-03-04,4798.0
"Sliced bread, 600 gr, piece",2024-03-04,3050.0
"Bread, piece",2024-02-26,2443.0
"Bread, rye, piece",2024-02-26,2439.0
"Flour, grade 1, prepacked, kg",2024-02-26,2426.0
"Rice, prepacked, kg",2024-02-26,4798.0
"Sliced bread, 600 gr, piece",2024-02-26,3005.0
"Bread, piece",2024-02-19,2455.0
"Bread, rye, piece",2024-02-19,2025.0
"Flour, grade 1, prepacked, kg",2024-02-19,2426.0
"Rice, prepacked, kg",2024-02-19,4798.0
"Sliced bread, 600 gr, piece",2024-02-19,2812.0
"Bread, piece",2024-02-05,2455.0
"Bread, rye, piece",2024-02-05,1990.0
"Flour, grade 1, prepacked, kg",2024-02-05,2426.0
"Rice, prepacked, kg",2024-02-05,4798.0
"Sliced bread, 600 gr, piece",2024-02-05,2791.0
"Bread, piece",2024-01-29,2455.0
"Bread, rye, piece",2024-01-29,1990.0
"Flour, grade 1, prepacked, kg",2024-01-29,2426.0
"Rice, prepacked, kg",2024-01-29,4798.0
"Sliced bread, 600 gr, piece",2024-01-29,2791.0
"Bread, piece",2024-01-22,2455.0
"Bread, rye, piece",2024-01-22,1990.0
"Flour, grade 1, prepacked, kg",2024-01-22,2426.0
"Rice, prepacked, kg",2024-01-22,4798.0
"Sliced bread, 600 gr, piece",2024-01-22,2791.0
"Bread, piece",2024-01-15,2455.0
"Bread, rye, piece",2024-01-15,1990.0
"Flour, grade 1, prepacked, kg",2024-01-15,2426.0
"Rice, prepacked, kg",2024-01-15,4798.0
"Sliced bread, 600 gr, piece",2024-01-15,2791.0
"Bread, piece",2024-01-08,2455.0
"Bread, rye, piece",2024-01-08,1990.0
"Flour, grade 1, prepacked, kg",2024-01-08,2426.0
"Rice, prepacked, kg",2024-01-08,4798.0
"Sliced bread, 600 gr, piece",2024-01-08,2791.0
"Bread, piece",2024-01-02,2455.0
"Bread, rye, piece",2024-01-02,1990.0
"Flour, grade 1, prepacked, kg",2024-01-02,2426.0
"Rice, prepacked, kg",2024-01-02,4798.0
"Sliced bread, 600 gr, piece",2024-01-02,2791.0
"Bread, piece",2023-12-25,2455.0
"Bread, rye, piece",2023-12-25,1990.0
"Flour, grade 1, prepacked, kg",2023-12-25,2426.0
"Rice, prepacked, kg",2023-12-25,4798.0
"Sliced bread, 600 gr, piece",2023-12-25,2791.0
"Bread, piece",2023-12-18,2455.0
"Bread, rye, piece",2023-12-18,1990.0
"Flour, grade 1, prepacked, kg",2023-12-18,2426.0
"Rice, prepacked, kg",2023-12-18,4798.0
"Sliced bread, 600 gr, piece",2023-12-18,2791.0
"Bread, piece",2023-12-11,2455.0
"Bread, rye, piece",2023-12-11,1990.0
"Flour, grade 1, prepacked, kg",2023-12-11,2426.0
"Rice, prepacked, kg",2023-12-11,4798.0
"Sliced bread, 600 gr, piece",2023-12-11,2791.0
"Bread, piece",2023-12-04,2455.0
"Bread, rye, piece",2023-12-04,1990.0
"Flour, grade 1, prepacked, kg",2023-12-04,2426.0
"Rice, prepacked, kg",2023-12-04,4798.0
"Sliced bread, 600 gr, piece",2023-12-04,2791.0
"Bread, piece",2023-11-27,2455.0
"Bread, rye, piece",2023-11-27,1990.0
"Flour, grade 1, prepacked, kg",2023-11-27,2411.0
"Rice, prepacked, kg",2023-11-27,4798.0
"Sliced bread, 600 gr, piece",2023-11-27,2791.0
"Bread, piece",2023-11-20,2455.0
"Bread, rye, piece",2023-11-20,1990.0
"Flour, grade 1, prepacked, kg",2023-11-20,2411.0
"Rice, prepacked, kg",2023-11-20,4798.0
"Sliced bread, 600 gr, piece",2023-11-20,2791.0
"Bread, piece",2023-11-13,2455.0
"Bread, rye, piece",2023-11-13,1990.0
"Flour, grade 1, prepacked, kg",2023-11-13,2411.0
"Rice, prepacked, kg",2023-11-13,4798.0
"Sliced bread, 600 gr, piece",2023-11-13,2791.0
"Bread, piece",2023-11-06,2455.0
"Bread, rye, piece",2023-11-06,1990.0
"Flour, grade 1, prepacked, kg",2023-11-06,2411.0
"Rice, prepacked, kg",2023-11-06,4798.0
"Sliced bread, 600 gr, piece",2023-11-06,2791.0
"Bread, piece",2023-10-30,2455.0
"Bread, rye, piece",2023-10-30,1990.0
"Flour, grade 1, prepacked, kg",2023-10-30,2406.0
"Rice, prepacked, kg",2023-10-30,4798.0
"Sliced bread, 600 gr, piece",2023-10-30,2791.0
"Bread, piece",2023-10-23,2455.0
"Bread, rye, piece",2023-10-23,1990.0
"Flour, grade 1, prepacked, kg",2023-10-23,2406.0
"Rice, prepacked, kg",2023-10-23,4852.0
"Sliced bread, 600 gr, piece",2023-10-23,2791.0
"Bread, piece",2023-10-16,2455.0
"Bread, rye, piece",2023-10-16,1990.0
"Flour, grade 1, prepacked, kg",2023-10-16,2406.0
"Rice, prepacked, kg",2023-10-16,4852.0
"Sliced bread, 600 gr, piece",2023-10-16,2791.0
"Bread, piece",2023-10-09,2456.0
"Bread, rye, piece",2023-10-09,1990.0
"Flour, grade 1, prepacked, kg",2023-10-09,2406.0
"Rice, prepacked, kg",2023-10-09,4852.0
"Sliced bread, 600 gr, piece",2023-10-09,2791.0
"Bread, piece",2023-10-02,2456.0
"Bread, rye, piece",2023-10-02,1990.0
"Flour, grade 1, prepacked, kg",2023-10-02,2406.0
"Rice, prepacked, kg",2023-10-02,4852.0
"Sliced bread, 600 gr, piece",2023-10-02,2791.0
"Bread, piece",2023-09-25,2456.0
"Bread, rye, piece",2023-09-25,1990.0
"Flour, grade 1, prepacked, kg",2023-09-25,2406.0
"Rice, prepacked, kg",2023-09-25,4852.0
"Sliced bread, 600 gr, piece",2023-09-25,2791.0
"Bread, piece",2023-09-18,2456.0
"Bread, rye, piece",2023-09-18,1990.0
"Flour, grade 1, prepacked, kg",2023-09-18,2406.0
"Rice, prepacked, kg",2023-09-18,4852.0
"Sliced bread, 600 gr, piece",2023-09-18,2791.0
"Bread, piece",2023-09-11,2456.0
"Bread, rye, piece",2023-09-11,1990.0
"Flour, grade 1, prepacked, kg",2023-09-11,2406.0
"Rice, prepacked, kg",2023-09-11,4798.0
"Sliced bread, 600 gr, piece",2023-09-11,2791.0
"Bread, piece",2023-09-04,2456.0
"Bread, rye, piece",2023-09-04,1990.0
"Flour, grade 1, prepacked, kg",2023-09-04,2406.0
"Rice, prepacked, kg",2023-09-04,4798.0
"Sliced bread, 600 gr, piece",2023-09-04,2791.0
"Bread, piece",2023-08-28,2456.0
"Bread, rye, piece",2023-08-28,1990.0
"Flour, grade 1, prepacked, kg",2023-08-28,2406.0
"Rice, prepacked, kg",2023-08-28,4770.0
"Sliced bread, 600 gr, piece",2023-08-28,2797.0
"Bread, piece",2023-08-21,2456.0
"Bread, rye, piece",2023-08-21,1990.0
"Flour, grade 1, prepacked, kg",2023-08-21,2402.0
"Rice, prepacked, kg",2023-08-21,4779.0
"Sliced bread, 600 gr, piece",2023-08-21,2797.0
"Bread, piece",2023-08-14,2456.0
"Bread, rye, piece",2023-08-14,1990.0
"Flour, grade 1, prepacked, kg",2023-08-14,2395.0
"Rice, prepacked, kg",2023-08-14,4779.0
"Sliced bread, 600 gr, piece",2023-08-14,2797.0
"Bread, piece",2023-08-07,2448.0
"Bread, rye, piece",2023-08-07,1990.0
"Flour, grade 1, prepacked, kg",2023-08-07,2391.0
"Rice, prepacked, kg",2023-08-07,4779.0
"Sliced bread, 600 gr, piece",2023-08-07,2791.0
"Bread, piece",2023-07-31,2448.0
"Bread, rye, piece",2023-07-31,1990.0
"Flour, grade 1, prepacked, kg",2023-07-31,2391.0
"Rice, prepacked, kg",2023-07-31,4701.0
"Sliced bread, 600 gr, piece",2023-07-31,2791.0
"Bread, piece",2023-07-24,2448.0
"Bread, rye, piece",2023-07-24,1990.0
"Flour, grade 1, prepacked, kg",2023-07-24,2391.0
"Rice, prepacked, kg",2023-07-24,4701.0
"Sliced bread, 600 gr, piece",2023-07-24,2791.0
"Bread, piece",2023-07-17,2441.0
"Bread, rye, piece",2023-07-17,1974.0
"Flour, grade 1, prepacked, kg",2023-07-17,2391.0
"Rice, prepacked, kg",2023-07-17,4701.0
"Sliced bread, 600 gr, piece",2023-07-17,2724.0
"Bread, piece",2023-07-03,2436.0
"Bread, rye, piece",2023-07-03,1974.0
"Flour, grade 1, prepacked, kg",2023-07-03,2391.0
"Rice, prepacked, kg",2023-07-03,4701.0
"Sliced bread, 600 gr, piece",2023-07-03,2713.0
"Bread, piece",2023-06-26,2132.0
"Bread, rye, piece",2023-06-26,1974.0
"Flour, grade 1, prepacked, kg",2023-06-26,2391.0
"Rice, prepacked, kg",2023-06-26,4701.0
"Sliced bread, 600 gr, piece",2023-06-26,2713.0
"Bread, piece",2023-06-19,2132.0
"Bread, rye, piece",2023-06-19,1974.0
"Flour, grade 1, prepacked, kg",2023-06-19,2252.0
"Rice, prepacked, kg",2023-06-19,4701.0
"Sliced bread, 600 gr, piece",2023-06-19,2713.0
"Bread, piece",2023-06-12,2132.0
"Bread, rye, piece",2023-06-12,1974.0
"Flour, grade 1, prepacked, kg",2023-06-12,2252.0
"Rice, prepacked, kg",2023-06-12,4701.0
"Sliced bread, 600 gr, piece",2023-06-12,2713.0
"Bread, piece",2023-06-05,2132.0
"Bread, rye, piece",2023-06-05,1974.0
"Flour, grade 1, prepacked, kg",2023-06-05,2252.0
"Rice, prepacked, kg",2023-06-05,4701.0
"Sliced bread, 600 gr, piece",2023-06-05,2713.0
"Bread, piece",2023-05-29,2132.0
"Bread, rye, piece",2023-05-29,1974.0
"Flour, grade 1, prepacked, kg",2023-05-29,2252.0
"Rice, prepacked, kg",2023-05-29,4701.0
"Sliced bread, 600 gr, piece",2023-05-29,2713.0
"Bread, piece",2023-05-23,2132.0
"Bread, rye, piece",2023-05-23,1974.0
"Flour, grade 1, prepacked, kg",2023-05-23,2252.0
"Rice, prepacked, kg",2023-05-23,4701.0
"Sliced bread, 600 gr, piece",2023-05-23,2713.0
"Bread, piece",2023-05-15,2132.0
"Bread, rye, piece",2023-05-15,1974.0
"Flour, grade 1, prepacked, kg",2023-05-15,2252.0
"Rice, prepacked, kg",2023-05-15,4701.0
"Sliced bread, 600 gr, piece",2023-05-15,2713.0
"Bread, piece",2023-05-08,2132.0
"Bread, rye, piece",2023-05-08,1952.0
"Flour, grade 1, prepacked, kg",2023-05-08,2252.0
"Rice, prepacked, kg",2023-05-08,4701.0
"Sliced bread, 600 gr, piece",2023-05-08,2713.0
"Bread, piece",2023-05-01,2132.0
"Bread, rye, piece",2023-05-01,1936.0
"Flour, grade 1, prepacked, kg",2023-05-01,2252.0
"Rice, prepacked, kg",2023-05-01,4701.0
"Sliced bread, 600 gr, piece",2023-05-01,2713.0
"Bread, piece",2023-04-24,2132.0
"Bread, rye, piece",2023-04-24,1936.0
"Flour, grade 1, prepacked, kg",2023-04-24,2252.0
"Rice, prepacked, kg",2023-04-24,4701.0
"Sliced bread, 600 gr, piece",2023-04-24,2713.0
"Bread, piece",2023-04-17,2132.0
"Bread, rye, piece",2023-04-17,1872.0
"Flour, grade 1, prepacked, kg",2023-04-17,2252.0
"Rice, prepacked, kg",2023-04-17,4701.0
"Sliced bread, 600 gr, piece",2023-04-17,2677.0
"Bread, piece",2023-04-10,2132.0
"Bread, rye, piece",2023-04-10,1790.0
"Flour, grade 1, prepacked, kg",2023-04-10,2252.0
"Rice, prepacked, kg",2023-04-10,4701.0
"Sliced bread, 600 gr, piece",2023-04-10,2462.0
"Bread, piece",2023-04-03,2132.0
"Bread, rye, piece",2023-04-03,1790.0
"Flour, grade 1, prepacked, kg",2023-04-03,2252.0
"Rice, prepacked, kg",2023-04-03,4683.0
"Sliced bread, 600 gr, piece",2023-04-03,2462.0
"Bread, piece",2023-03-27,2132.0
"Bread, rye, piece",2023-03-27,1790.0
"Flour, grade 1, prepacked, kg",2023-03-27,2248.0
"Rice, prepacked, kg",2023-03-27,4664.0
"Sliced bread, 600 gr, piece",2023-03-27,2462.0
"Bread, piece",2023-03-20,2132.0
"Bread, rye, piece",2023-03-20,1790.0
"Flour, grade 1, prepacked, kg",2023-03-20,2240.0
"Rice, prepacked, kg",2023-03-20,4646.0
"Sliced bread, 600 gr, piece",2023-03-20,2462.0
"Bread, piece",2023-03-13,2132.0
"Bread, rye, piece",2023-03-13,1790.0
"Flour, grade 1, prepacked, kg",2023-03-13,2240.0
"Rice, prepacked, kg",2023-03-13,4646.0
"Sliced bread, 600 gr, piece",2023-03-13,2462.0
"Bread, piece",2023-03-06,2132.0
"Bread, rye, piece",2023-03-06,1790.0
"Flour, grade 1, prepacked, kg",2023-03-06,2224.0
"Rice, prepacked, kg",2023-03-06,4646.0
"Sliced bread, 600 gr, piece",2023-03-06,2462.0
"Bread, piece",2023-02-27,2132.0
"Bread, rye, piece",2023-02-27,1790.0
"Flour, grade 1, prepacked, kg",2023-02-27,2194.0
"Rice, prepacked, kg",2023-02-27,4646.0
"Sliced bread, 600 gr, piece",2023-02-27,2462.0
"Bread, piece",2023-02-13,2132.0
"Bread, rye, piece",2023-02-13,1790.0
"Flour, grade 1, prepacked, kg",2023-02-13,2194.0
"Rice, prepacked, kg",2023-02-13,4646.0
"Sliced bread, 600 gr, piece",2023-02-13,2462.0
"Bread, piece",2023-02-06,2132.0
"Bread, rye, piece",2023-02-06,1790.0
"Flour, grade 1, prepacked, kg",2023-02-06,2194.0
"Rice, prepacked, kg",2023-02-06,4646.0
"Sliced bread, 600 gr, piece",2023-02-06,2462.0
"Bread, piece",2023-01-30,2132.0
"Bread, rye, piece",2023-01-30,1790.0
"Flour, grade 1, prepacked, kg",2023-01-30,2187.0
"Rice, prepacked, kg",2023-01-30,4646.0
"Sliced bread, 600 gr, piece",2023-01-30,2462.0
"Bread, piece",2023-01-23,2132.0
"Bread, rye, piece",2023-01-23,1790.0
"Flour, grade 1, prepacked, kg",2023-01-23,2179.0
"Rice, prepacked, kg",2023-01-23,4646.0
"Sliced bread, 600 gr, piece",2023-01-23,2462.0
"Bread, piece",2023-01-16,2132.0
"Bread, rye, piece",2023-01-16,1790.0
"Flour, grade 1, prepacked, kg",2023-01-16,2179.0
"Rice, prepacked, kg",2023-01-16,4629.0
"Sliced bread, 600 gr, piece",2023-01-16,2462.0
"Bread, piece",2023-01-09,2140.0
"Bread, rye, piece",2023-01-09,1790.0
"Flour, grade 1, prepacked, kg",2023-01-09,2174.0
"Rice, prepacked, kg",2023-01-09,4538.0
"Sliced bread, 600 gr, piece",2023-01-09,2462.0
"Bread, piece",2023-01-05,2132.0
"Bread, rye, piece",2023-01-05,1936.0
"Flour, grade 1, prepacked, kg",2023-01-05,2252.0
"Rice, prepacked, kg",2023-01-05,4701.0
"Sliced bread, 600 gr, piece",2023-01-05,2713.0
"Bread, piece",2023-01-02,2156.0
"Bread, rye, piece",2023-01-02,1790.0
"Flour, grade 1, prepacked, kg",2023-01-02,2081.0
"Rice, prepacked, kg",2023-01-02,4538.0
"Sliced bread, 600 gr, piece",2023-01-02,2462.0
"Bread, piece",2022-12-26,2148.0
"Bread, rye, piece",2022-12-26,1790.0
"Flour, grade 1, prepacked, kg",2022-12-26,2081.0
"Rice, prepacked, kg",2022-12-26,4538.0
"Sliced bread, 600 gr, piece",2022-12-26,2462.0
"Bread, piece",2022-12-19,2148.0
"Bread, rye, piece",2022-12-19,1790.0
"Flour, grade 1, prepacked, kg",2022-12-19,2081.0
"Rice, prepacked, kg",2022-12-19,4538.0
"Sliced bread, 600 gr, piece",2022-12-19,2462.0
"Bread, piece",2022-12-12,2148.0
"Bread, rye, piece",2022-12-12,1790.0
"Flour, grade 1, prepacked, kg",2022-12-12,2072.0
"Rice, prepacked, kg",2022-12-12,4538.0
"Sliced bread, 600 gr, piece",2022-12-12,2462.0
"Bread, piece",2022-12-05,2139.0
"Bread, rye, piece",2022-12-05,1790.0
"Flour, grade 1, prepacked, kg",2022-12-05,2085.0
"Rice, prepacked, kg",2022-12-05,4553.0
"Sliced bread, 600 gr, piece",2022-12-05,2462.0
"Bread, piece",2022-11-28,2123.0
"Bread, rye, piece",2022-11-28,1790.0
"Flour, grade 1, prepacked, kg",2022-11-28,2070.0
"Rice, prepacked, kg",2022-11-28,4553.0
"Sliced bread, 600 gr, piece",2022-11-28,2462.0
"Bread, piece",2022-11-21,2145.0
"Bread, rye, piece",2022-11-21,1790.0
"Flour, grade 1, prepacked, kg",2022-11-21,2061.0
"Rice, prepacked, kg",2022-11-21,4646.0
"Sliced bread, 600 gr, piece",2022-11-21,2462.0
"Bread, piece",2022-11-14,2145.0
"Bread, rye, piece",2022-11-14,1790.0
"Flour, grade 1, prepacked, kg",2022-11-14,2001.0
"Rice, prepacked, kg",2022-11-14,4646.0
"Sliced bread, 600 gr, piece",2022-11-14,2462.0
"Bread, piece",2022-11-07,2145.0
"Bread, rye, piece",2022-11-07,1790.0
"Flour, grade 1, prepacked, kg",2022-11-07,1992.0
"Rice, prepacked, kg",2022-11-07,4646.0
"Sliced bread, 600 gr, piece",2022-11-07,2462.0
"Bread, piece",2022-10-31,2145.0
"Bread, rye, piece",2022-10-31,1790.0
"Flour, grade 1, prepacked, kg",2022-10-31,1992.0
"Rice, prepacked, kg",2022-10-31,4646.0
"Sliced bread, 600 gr, piece",2022-10-31,2462.0
"Bread, piece",2022-10-24,2145.0
"Bread, rye, piece",2022-10-24,1794.0
"Flour, grade 1, prepacked, kg",2022-10-24,1973.0
"Rice, prepacked, kg",2022-10-24,4646.0
"Sliced bread, 600 gr, piece",2022-10-24,2462.0
"Bread, piece",2022-10-17,2145.0
"Bread, rye, piece",2022-10-17,1794.0
"Flour, grade 1, prepacked, kg",2022-10-17,1905.0
"Rice, prepacked, kg",2022-10-17,4646.0
"Sliced bread, 600 gr, piece",2022-10-17,2462.0
"Bread, piece",2022-10-10,2152.0
"Bread, rye, piece",2022-10-10,1794.0
"Flour, grade 1, prepacked, kg",2022-10-10,1847.0
"Rice, prepacked, kg",2022-10-10,4646.0
"Sliced bread, 600 gr, piece",2022-10-10,2462.0
"Bread, piece",2022-10-03,1724.0
"Bread, rye, piece",2022-10-03,1577.0
"Flour, grade 1, prepacked, kg",2022-10-03,1694.0
"Rice, prepacked, kg",2022-10-03,4646.0
"Sliced bread, 600 gr, piece",2022-10-03,2183.0
"Bread, piece",2022-09-26,1724.0
"Bread, rye, piece",2022-09-26,1577.0
"Flour, grade 1, prepacked, kg",2022-09-26,1617.0
"Rice, prepacked, kg",2022-09-26,4646.0
"Sliced bread, 600 gr, piece",2022-09-26,2183.0
"Bread, piece",2022-09-19,1721.0
"Bread, rye, piece",2022-09-19,1577.0
"Flour, grade 1, prepacked, kg",2022-09-19,1602.0
"Rice, prepacked, kg",2022-09-19,4646.0
"Sliced bread, 600 gr, piece",2022-09-19,2183.0
"Bread, piece",2022-09-12,1705.0
"Bread, rye, piece",2022-09-12,1569.0
"Flour, grade 1, prepacked, kg",2022-09-12,1547.0
"Rice, prepacked, kg",2022-09-12,4646.0
"Sliced bread, 600 gr, piece",2022-09-12,2183.0
"Bread, piece",2022-09-05,1705.0
"Bread, rye, piece",2022-09-05,1569.0
"Flour, grade 1, prepacked, kg",2022-09-05,1533.0
"Rice, prepacked, kg",2022-09-05,4646.0
"Sliced bread, 600 gr, piece",2022-09-05,2183.0
"Bread, piece",2022-08-29,1705.0
"Bread, rye, piece",2022-08-29,1569.0
"Flour, grade 1, prepacked, kg",2022-08-29,1510.0
"Rice, prepacked, kg",2022-08-29,4646.0
"Sliced bread, 600 gr, piece",2022-08-29,2183.0
"Bread, piece",2022-08-22,1705.0
"Bread, rye, piece",2022-08-22,1569.0
"Flour, grade 1, prepacked, kg",2022-08-22,1486.0
"Rice, prepacked, kg",2022-08-22,4646.0
"Sliced bread, 600 gr, piece",2022-08-22,2183.0
"Bread, piece",2022-08-15,1705.0
"Bread, rye, piece",2022-08-15,1569.0
"Flour, grade 1, prepacked, kg",2022-08-15,1476.0
"Rice, prepacked, kg",2022-08-15,4646.0
"Sliced bread, 600 gr, piece",2022-08-15,2183.0
"Bread, piece",2022-08-08,1705.0
"Bread, rye, piece",2022-08-08,1569.0
"Flour, grade 1, prepacked, kg",2022-08-08,1476.0
"Rice, prepacked, kg",2022-08-08,4646.0
"Sliced bread, 600 gr, piece",2022-08-08,2183.0
"Bread, piece",2022-08-01,1720.0
"Bread, rye, piece",2022-08-01,1569.0
"Flour, grade 1, prepacked, kg",2022-08-01,1476.0
"Rice, prepacked, kg",2022-08-01,4646.0
"Sliced bread, 600 gr, piece",2022-08-01,2183.0
"Bread, piece",2022-07-25,1705.0
"Bread, rye, piece",2022-07-25,1569.0
"Flour, grade 1, prepacked, kg",2022-07-25,1456.0
"Rice, prepacked, kg",2022-07-25,4646.0
"Sliced bread, 600 gr, piece",2022-07-25,2183.0
"Bread, piece",2022-07-18,1705.0
"Bread, rye, piece",2022-07-18,1583.0
"Flour, grade 1, prepacked, kg",2022-07-18,1395.0
"Rice, prepacked, kg",2022-07-18,4646.0
"Sliced bread, 600 gr, piece",2022-07-18,2183.0
"Bread, piece",2022-07-04,1697.0
"Bread, rye, piece",2022-07-04,1583.0
"Flour, grade 1, prepacked, kg",2022-07-04,1388.0
"Rice, prepacked, kg",2022-07-04,4625.0
"Sliced bread, 600 gr, piece",2022-07-04,2183.0
"Bread, piece",2022-06-27,1713.0
"Bread, rye, piece",2022-06-27,1583.0
"Flour, grade 1, prepacked, kg",2022-06-27,1362.0
"Rice, prepacked, kg",2022-06-27,4625.0
"Sliced bread, 600 gr, piece",2022-06-27,2183.0
"Bread, piece",2022-06-20,1713.0
"Bread, rye, piece",2022-06-20,1583.0
"Flour, grade 1, prepacked, kg",2022-06-20,1362.0
"Rice, prepacked, kg",2022-06-20,4625.0
"Sliced bread, 600 gr, piece",2022-06-20,2183.0
"Bread, piece",2022-06-13,1713.0
"Bread, rye, piece",2022-06-13,1576.0
"Flour, grade 1, prepacked, kg",2022-06-13,1377.0
"Rice, prepacked, kg",2022-06-13,4625.0
"Sliced bread, 600 gr, piece",2022-06-13,2204.0
"Bread, piece",2022-06-06,1717.0
"Bread, rye, piece",2022-06-06,1554.0
"Flour, grade 1, prepacked, kg",2022-06-06,1377.0
"Rice, prepacked, kg",2022-06-06,4625.0
"Sliced bread, 600 gr, piece",2022-06-06,2204.0
"Bread, piece",2022-05-30,1717.0
"Bread, rye, piece",2022-05-30,1551.0
"Flour, grade 1, prepacked, kg",2022-05-30,1377.0
"Rice, prepacked, kg",2022-05-30,4625.0
"Sliced bread, 600 gr, piece",2022-05-30,2168.0
"Bread, piece",2022-05-23,1716.0
"Bread, rye, piece",2022-05-23,1525.0
"Flour, grade 1, prepacked, kg",2022-05-23,1388.0
"Rice, prepacked, kg",2022-05-23,4667.0
"Sliced bread, 600 gr, piece",2022-05-23,2162.0
"Bread, piece",2022-05-16,1709.0
"Bread, rye, piece",2022-05-16,1525.0
"Flour, grade 1, prepacked, kg",2022-05-16,1396.0
"Rice, prepacked, kg",2022-05-16,4777.0
"Sliced bread, 600 gr, piece",2022-05-16,2162.0
"Bread, piece",2022-05-11,1700.0
"Bread, rye, piece",2022-05-11,1525.0
"Flour, grade 1, prepacked, kg",2022-05-11,1396.0
"Rice, prepacked, kg",2022-05-11,4770.0
"Sliced bread, 600 gr, piece",2022-05-11,2162.0
"Bread, piece",2022-05-04,1696.0
"Bread, rye, piece",2022-05-04,1525.0
"Flour, grade 1, prepacked, kg",2022-05-04,1396.0
"Rice, prepacked, kg",2022-05-04,4770.0
"Sliced bread, 600 gr, piece",2022-05-04,2162.0
"Bread, piece",2022-04-27,1673.0
"Bread, rye, piece",2022-04-27,1492.0
"Flour, grade 1, prepacked, kg",2022-04-27,1409.0
"Rice, prepacked, kg",2022-04-27,4710.0
"Sliced bread, 600 gr, piece",2022-04-27,2162.0
"Bread, piece",2022-04-20,1663.0
"Bread, rye, piece",2022-04-20,1470.0
"Flour, grade 1, prepacked, kg",2022-04-20,1406.0
"Rice, prepacked, kg",2022-04-20,4516.0
"Sliced bread, 600 gr, piece",2022-04-20,2143.0
"Bread, piece",2022-04-13,1645.0
"Bread, rye, piece",2022-04-13,1451.0
"Flour, grade 1, prepacked, kg",2022-04-13,1406.0
"Rice, prepacked, kg",2022-04-13,4516.0
"Sliced bread, 600 gr, piece",2022-04-13,2143.0
"Bread, piece",2022-04-06,1503.0
"Bread, rye, piece",2022-04-06,1349.0
"Flour, grade 1, prepacked, kg",2022-04-06,1406.0
"Rice, prepacked, kg",2022-04-06,4473.0
"Sliced bread, 600 gr, piece",2022-04-06,2083.0
"Bread, piece",2022-03-30,1503.0
"Bread, rye, piece",2022-03-30,1349.0
"Flour, grade 1, prepacked, kg",2022-03-30,1406.0
"Rice, prepacked, kg",2022-03-30,4381.0
"Sliced bread, 600 gr, piece",2022-03-30,2083.0
"Bread, piece",2022-03-23,1503.0
"Bread, rye, piece",2022-03-23,1349.0
"Flour, grade 1, prepacked, kg",2022-03-23,1406.0
"Rice, prepacked, kg",2022-03-23,4381.0
"Sliced bread, 600 gr, piece",2022-03-23,2083.0
"Bread, piece",2022-03-16,1495.0
"Bread, rye, piece",2022-03-16,1349.0
"Flour, grade 1, prepacked, kg",2022-03-16,1406.0
"Rice, prepacked, kg",2022-03-16,4381.0
"Sliced bread, 600 gr, piece",2022-03-16,2083.0
"Bread, piece",2022-03-09,1498.0
"Bread, rye, piece",2022-03-09,1350.0
"Flour, grade 1, prepacked, kg",2022-03-09,1406.0
"Rice, prepacked, kg",2022-03-09,4381.0
"Sliced bread, 600 gr, piece",2022-03-09,2083.0
"Bread, piece",2022-03-02,1498.0
"Bread, rye, piece",2022-03-02,1350.0
"Flour, grade 1, prepacked, kg",2022-03-02,1398.0
"Rice, prepacked, kg",2022-03-02,4381.0
"Sliced bread, 600 gr, piece",2022-03-02,2083.0
"Bread, piece",2022-02-23,1498.0
"Bread, rye, piece",2022-02-23,1350.0
"Flour, grade 1, prepacked, kg",2022-02-23,1398.0
"Rice, prepacked, kg",2022-02-23,4381.0
"Sliced bread, 600 gr, piece",2022-02-23,2083.0
"Bread, piece",2022-02-16,1498.0
"Bread, rye, piece",2022-02-16,1350.0
"Flour, grade 1, prepacked, kg",2022-02-16,1390.0
"Rice, prepacked, kg",2022-02-16,4381.0
"Sliced bread, 600 gr, piece",2022-02-16,2083.0
"Bread, piece",2022-02-09,1507.0
"Bread, rye, piece",2022-02-09,1350.0
"Flour, grade 1, prepacked, kg",2022-02-09,1398.0
"Rice, prepacked, kg",2022-02-09,4327.0
"Sliced bread, 600 gr, piece",2022-02-09,2083.0
"Bread, piece",2022-01-26,1507.0
"Bread, rye, piece",2022-01-26,1350.0
"Flour, grade 1, prepacked, kg",2022-01-26,1394.0
"Rice, prepacked, kg",2022-01-26,4269.0
"Sliced bread, 600 gr, piece",2022-01-26,2083.0
"Bread, piece",2022-01-19,1512.0
"Bread, rye, piece",2022-01-19,1350.0
"Flour, grade 1, prepacked, kg",2022-01-19,1394.0
"Rice, prepacked, kg",2022-01-19,4269.0
"Sliced bread, 600 gr, piece",2022-01-19,2003.0
"Bread, piece",2022-01-12,1510.0
"Bread, rye, piece",2022-01-12,1351.0
"Flour, grade 1, prepacked, kg",2022-01-12,1394.0
"Rice, prepacked, kg",2022-01-12,4440.0
"Sliced bread, 600 gr, piece",2022-01-12,2003.0
"Bread, piece",2022-01-05,1507.0
"Bread, rye, piece",2022-01-05,1351.0
"Flour, grade 1, prepacked, kg",2022-01-05,1413.0
"Rice, prepacked, kg",2022-01-05,4497.0
"Sliced bread, 600 gr, piece",2022-01-05,2009.0
"Bread, piece",2021-12-30,1507.0
"Bread, rye, piece",2021-12-30,1351.0
"Flour, grade 1, prepacked, kg",2021-12-30,1395.0
"Rice, prepacked, kg",2021-12-30,4511.0
"Sliced bread, 600 gr, piece",2021-12-30,1988.0
"Bread, piece",2021-12-22,1507.0
"Bread, rye, piece",2021-12-22,1353.0
"Flour, grade 1, prepacked, kg",2021-12-22,1401.0
"Rice, prepacked, kg",2021-12-22,4494.0
"Sliced bread, 600 gr, piece",2021-12-22,1988.0
"Bread, piece",2021-12-15,1509.0
"Bread, rye, piece",2021-12-15,1399.0
"Flour, grade 1, prepacked, kg",2021-12-15,1378.0
"Rice, prepacked, kg",2021-12-15,4079.0
"Sliced bread, 600 gr, piece",2021-12-15,1964.0
"Bread, piece",2021-12-08,1495.0
"Bread, rye, piece",2021-12-08,1336.0
"Flour, grade 1, prepacked, kg",2021-12-08,1371.0
"Rice, prepacked, kg",2021-12-08,4079.0
"Sliced bread, 600 gr, piece",2021-12-08,1972.0
"Bread, piece",2021-12-01,1513.0
"Bread, rye, piece",2021-12-01,1342.0
"Flour, grade 1, prepacked, kg",2021-12-01,1377.0
"Rice, prepacked, kg",2021-12-01,3931.0
"Sliced bread, 600 gr, piece",2021-12-01,1901.0
"Bread, piece",2021-11-24,1510.0
"Bread, rye, piece",2021-11-24,1342.0
"Flour, grade 1, prepacked, kg",2021-11-24,1386.0
"Rice, prepacked, kg",2021-11-24,3931.0
"Sliced bread, 600 gr, piece",2021-11-24,1901.0
"Bread, piece",2021-11-17,1500.0
"Bread, rye, piece",2021-11-17,1332.0
"Flour, grade 1, prepacked, kg",2021-11-17,1386.0
"Rice, prepacked, kg",2021-11-17,3931.0
"Sliced bread, 600 gr, piece",2021-11-17,1901.0
"Bread, piece",2021-11-10,1500.0
"Bread, rye, piece",2021-11-10,1332.0
"Flour, grade 1, prepacked, kg",2021-11-10,1386.0
"Rice, prepacked, kg",2021-11-10,3931.0
"Sliced bread, 600 gr, piece",2021-11-10,1901.0
"Bread, piece",2021-11-03,1500.0
"Bread, rye, piece",2021-11-03,1332.0
"Flour, grade 1, prepacked, kg",2021-11-03,1386.0
"Rice, prepacked, kg",2021-11-03,3931.0
"Sliced bread, 600 gr, piece",2021-11-03,1901.0
"Bread, piece",2021-10-27,1500.0
"Bread, rye, piece",2021-10-27,1332.0
"Flour, grade 1, prepacked, kg",2021-10-27,1386.0
"Rice, prepacked, kg",2021-10-27,3899.0
"Sliced bread, 600 gr, piece",2021-10-27,1901.0
"Bread, piece",2021-10-20,1500.0
"Bread, rye, piece",2021-10-20,1332.0
"Flour, grade 1, prepacked, kg",2021-10-20,1376.0
"Rice, prepacked, kg",2021-10-20,3754.0
"Sliced bread, 600 gr, piece",2021-10-20,1874.0
"Bread, piece",2021-10-13,1500.0
"Bread, rye, piece",2021-10-13,1332.0
"Flour, grade 1, prepacked, kg",2021-10-13,1376.0
"Rice, prepacked, kg",2021-10-13,3754.0
"Sliced bread, 600 gr, piece",2021-10-13,1874.0
"Bread, piece",2021-10-06,1500.0
"Bread, rye, piece",2021-10-06,1332.0
"Flour, grade 1, prepacked, kg",2021-10-06,1376.0
"Rice, prepacked, kg",2021-10-06,3754.0
"Sliced bread, 600 gr, piece",2021-10-06,1874.0
"Bread, piece",2021-09-29,1500.0
"Bread, rye, piece",2021-09-29,1332.0
"Flour, grade 1, prepacked, kg",2021-09-29,1376.0
"Rice, prepacked, kg",2021-09-29,3754.0
"Sliced bread, 600 gr, piece",2021-09-29,1817.0
"Bread, piece",2021-09-22,1500.0
"Bread, rye, piece",2021-09-22,1332.0
"Flour, grade 1, prepacked, kg",2021-09-22,1376.0
"Rice, prepacked, kg",2021-09-22,3754.0
"Sliced bread, 600 gr, piece",2021-09-22,1817.0
"Bread, piece",2021-09-15,1500.0
"Bread, rye, piece",2021-09-15,1332.0
"Flour, grade 1, prepacked, kg",2021-09-15,1376.0
"Rice, prepacked, kg",2021-09-15,3754.0
"Sliced bread, 600 gr, piece",2021-09-15,1817.0
"Bread, piece",2021-09-08,1484.0
"Bread, rye, piece",2021-09-08,1307.0
"Flour, grade 1, prepacked, kg",2021-09-08,1376.0
"Rice, prepacked, kg",2021-09-08,3754.0
"Sliced bread, 600 gr, piece",2021-09-08,1777.0
"Bread, piece",2021-09-01,1280.0
"Bread, rye, piece",2021-09-01,1224.0
"Flour, grade 1, prepacked, kg",2021-09-01,1376.0
"Rice, prepacked, kg",2021-09-01,3724.0
"Sliced bread, 600 gr, piece",2021-09-01,1699.0
"Bread, piece",2021-08-25,1280.0
"Bread, rye, piece",2021-08-25,1224.0
"Flour, grade 1, prepacked, kg",2021-08-25,1376.0
"Rice, prepacked, kg",2021-08-25,3724.0
"Sliced bread, 600 gr, piece",2021-08-25,1699.0
"Bread, piece",2021-08-18,1280.0
"Bread, rye, piece",2021-08-18,1224.0
"Flour, grade 1, prepacked, kg",2021-08-18,1376.0
"Rice, prepacked, kg",2021-08-18,3671.0
"Sliced bread, 600 gr, piece",2021-08-18,1699.0
"Bread, piece",2021-08-11,1280.0
"Bread, rye, piece",2021-08-11,1224.0
"Flour, grade 1, prepacked, kg",2021-08-11,1376.0
"Rice, prepacked, kg",2021-08-11,3671.0
"Sliced bread, 600 gr, piece",2021-08-11,1699.0
"Bread, piece",2021-08-04,1280.0
"Bread, rye, piece",2021-08-04,1224.0
"Flour, grade 1, prepacked, kg",2021-08-04,1376.0
"Rice, prepacked, kg",2021-08-04,3671.0
"Sliced bread, 600 gr, piece",2021-08-04,1699.0
"Bread, piece",2021-07-28,1280.0
"Bread, rye, piece",2021-07-28,1217.0
"Flour, grade 1, prepacked, kg",2021-07-28,1376.0
"Rice, prepacked, kg",2021-07-28,3671.0
"Sliced bread, 600 gr, piece",2021-07-28,1699.0
"Bread, piece",2021-07-21,1280.0
"Bread, rye, piece",2021-07-21,1217.0
"Flour, grade 1, prepacked, kg",2021-07-21,1376.0
"Rice, prepacked, kg",2021-07-21,3671.0
"Sliced bread, 600 gr, piece",2021-07-21,1699.0
"Bread, piece",2021-07-14,1280.0
"Bread, rye, piece",2021-07-14,1217.0
"Flour, grade 1, prepacked, kg",2021-07-14,1376.0
"Rice, prepacked, kg",2021-07-14,3671.0
"Sliced bread, 600 gr, piece",2021-07-14,1699.0
"Bread, piece",2021-07-07,1280.0
"Bread, rye, piece",2021-07-07,1217.0
"Flour, grade 1, prepacked, kg",2021-07-07,1376.0
"Rice, prepacked, kg",2021-07-07,3661.0
"Sliced bread, 600 gr, piece",2021-07-07,1699.0
"Bread, piece",2021-06-30,1280.0
"Bread, rye, piece",2021-06-30,1217.0
"Flour, grade 1, prepacked, kg",2021-06-30,1376.0
"Rice, prepacked, kg",2021-06-30,3661.0
"Sliced bread, 600 gr, piece",2021-06-30,1699.0
"Bread, piece",2021-06-23,1280.0
"Bread, rye, piece",2021-06-23,1217.0
"Flour, grade 1, prepacked, kg",2021-06-23,1376.0
"Rice, prepacked, kg",2021-06-23,3661.0
"Sliced bread, 600 gr, piece",2021-06-23,1699.0
"Bread, piece",2021-06-16,1280.0
"Bread, rye, piece",2021-06-16,1217.0
"Flour, grade 1, prepacked, kg",2021-06-16,1376.0
"Rice, prepacked, kg",2021-06-16,3661.0
"Sliced bread, 600 gr, piece",2021-06-16,1699.0
"Bread, piece",2021-06-08,1280.0
"Bread, rye, piece",2021-06-08,1217.0
"Flour, grade 1, prepacked, kg",2021-06-08,1376.0
"Rice, prepacked, kg",2021-06-08,3661.0
"Sliced bread, 600 gr, piece",2021-06-08,1699.0
"Bread, piece",2021-06-02,1280.0
"Bread, rye, piece",2021-06-02,1217.0
"Flour, grade 1, prepacked, kg",2021-06-02,1376.0
"Rice, prepacked, kg",2021-06-02,3671.0
"Sliced bread, 600 gr, piece",2021-06-02,1699.0
"Bread, piece",2021-05-25,1280.0
"Bread, rye, piece",2021-05-25,1217.0
"Flour, grade 1, prepacked, kg",2021-05-25,1376.0
"Rice, prepacked, kg",2021-05-25,3671.0
"Sliced bread, 600 gr, piece",2021-05-25,1699.0
"Bread, piece",2021-05-19,1280.0
"Bread, rye, piece",2021-05-19,1217.0
"Flour, grade 1, prepacked, kg",2021-05-19,1376.0
"Rice, prepacked, kg",2021-05-19,3671.0
"Sliced bread, 600 gr, piece",2021-05-19,1699.0
"Bread, piece",2021-05-12,1280.0
"Bread, rye, piece",2021-05-12,1217.0
"Flour, grade 1, prepacked, kg",2021-05-12,1376.0
"Rice, prepacked, kg",2021-05-12,3671.0
"Sliced bread, 600 gr, piece",2021-05-12,1699.0
"Bread, piece",2021-05-05,1280.0
"Bread, rye, piece",2021-05-05,1217.0
"Flour, grade 1, prepacked, kg",2021-05-05,1376.0
"Rice, prepacked, kg",2021-05-05,3671.0
"Sliced bread, 600 gr, piece",2021-05-05,1699.0
"Bread, piece",2021-04-28,1280.0
"Bread, rye, piece",2021-04-28,1217.0
"Flour, grade 1, prepacked, kg",2021-04-28,1376.0
"Rice, prepacked, kg",2021-04-28,3671.0
"Sliced bread, 600 gr, piece",2021-04-28,1699.0
"Bread, piece",2021-04-21,1280.0
"Bread, rye, piece",2021-04-21,1217.0
"Flour, grade 1, prepacked, kg",2021-04-21,1376.0
"Rice, prepacked, kg",2021-04-21,3671.0
"Sliced bread, 600 gr, piece",2021-04-21,1699.0
"Bread, piece",2021-04-14,1280.0
"Bread, rye, piece",2021-04-14,1217.0
"Flour, grade 1, prepacked, kg",2021-04-14,1376.0
"Rice, prepacked, kg",2021-04-14,3671.0
"Sliced bread, 600 gr, piece",2021-04-14,1699.0
"Bread, piece",2021-04-07,1280.0
"Bread, rye, piece",2021-04-07,1217.0
"Flour, grade 1, prepacked, kg",2021-04-07,1376.0
"Rice, prepacked, kg",2021-04-07,3671.0
"Sliced bread, 600 gr, piece",2021-04-07,1699.0
"Bread, piece",2021-03-31,1280.0
"Bread, rye, piece",2021-03-31,1217.0
"Flour, grade 1, prepacked, kg",2021-03-31,1376.0
"Rice, prepacked, kg",2021-03-31,3671.0
"Sliced bread, 600 gr, piece",2021-03-31,1699.0
"Bread, piece",2021-03-24,1280.0
"Bread, rye, piece",2021-03-24,1217.0
"Flour, grade 1, prepacked, kg",2021-03-24,1335.0
"Rice, prepacked, kg",2021-03-24,3671.0
"Sliced bread, 600 gr, piece",2021-03-24,1699.0
"Bread, piece",2021-03-17,1280.0
"Bread, rye, piece",2021-03-17,1217.0
"Flour, grade 1, prepacked, kg",2021-03-17,1323.0
"Rice, prepacked, kg",2021-03-17,3671.0
"Sliced bread, 600 gr, piece",2021-03-17,1699.0
"Bread, piece",2021-03-10,1280.0
"Bread, rye, piece",2021-03-10,1217.0
"Flour, grade 1, prepacked, kg",2021-03-10,1304.0
"Rice, prepacked, kg",2021-03-10,3671.0
"Sliced bread, 600 gr, piece",2021-03-10,1699.0
"Bread, piece",2021-03-03,1280.0
"Bread, rye, piece",2021-03-03,1217.0
"Flour, grade 1, prepacked, kg",2021-03-03,1304.0
"Rice, prepacked, kg",2021-03-03,3671.0
"Sliced bread, 600 gr, piece",2021-03-03,1699.0
"Bread, piece",2021-02-24,1280.0
"Bread, rye, piece",2021-02-24,1217.0
"Flour, grade 1, prepacked, kg",2021-02-24,1304.0
"Rice, prepacked, kg",2021-02-24,3671.0
"Sliced bread, 600 gr, piece",2021-02-24,1699.0
"Bread, piece",2021-02-17,1280.0
"Bread, rye, piece",2021-02-17,1217.0
"Flour, grade 1, prepacked, kg",2021-02-17,1304.0
"Rice, prepacked, kg",2021-02-17,3671.0
"Sliced bread, 600 gr, piece",2021-02-17,1699.0
"Bread, piece",2021-02-10,1280.0
"Bread, rye, piece",2021-02-10,1217.0
"Flour, grade 1, prepacked, kg",2021-02-10,1304.0
"Rice, prepacked, kg",2021-02-10,3671.0
"Sliced bread, 600 gr, piece",2021-02-10,1699.0
"Bread, piece",2021-02-03,1280.0
"Bread, rye, piece",2021-02-03,1217.0
"Flour, grade 1, prepacked, kg",2021-02-03,1304.0
"Rice, prepacked, kg",2021-02-03,3671.0
"Sliced bread, 600 gr, piece",2021-02-03,1699.0
"Bread, piece",2021-01-27,1280.0
"Bread, rye, piece",2021-01-27,1217.0
"Flour, grade 1, prepacked, kg",2021-01-27,1304.0
"Rice, prepacked, kg",2021-01-27,3671.0
"Sliced bread, 600 gr, piece",2021-01-27,1699.0
"Bread, piece",2021-01-20,1280.0
"Bread, rye, piece",2021-01-20,1217.0
"Flour, grade 1, prepacked, kg",2021-01-20,1304.0
"Rice, prepacked, kg",2021-01-20,3671.0
"Sliced bread, 600 gr, piece",2021-01-20,1699.0
"Bread, piece",2021-01-13,1280.0
"Bread, rye, piece",2021-01-13,1217.0
"Flour, grade 1, prepacked, kg",2021-01-13,1304.0
"Rice, prepacked, kg",2021-01-13,3671.0
"Sliced bread, 600 gr, piece",2021-01-13,1699.0
"Bread, piece",2021-01-06,1280.0
"Bread, rye, piece",2021-01-06,1217.0
"Flour, grade 1, prepacked, kg",2021-01-06,1304.0
"Rice, prepacked, kg",2021-01-06,3661.0
"Sliced bread, 600 gr, piece",2021-01-06,1699.0
